title,link_mal,release_date,anime_episode,anime_duration,anime_genre,img_link,description,studio,source,show_type
Ore dake Level Up na Ken,https://myanimelist.net/anime/52299/Ore_dake_Level_Up_na_Ken,"Jan 7, 2024",12 eps,23 min ,"['Action', 'Adventure', 'Fantasy']",https://cdn.myanimelist.net/images/anime/1801/142390.jpg,"Humanity was caught at a precipice a decade ago when the first gates—portals linked with other dimensions that harbor monsters immune to conventional weaponry—emerged around the world. Alongside the appearance of the gates, various humans were transformed into hunters and bestowed superhuman abilities. Responsible for entering the gates and clearing the dungeons within, many hunters chose to form guilds to secure their livelihoods.

Sung Jin-Woo is an E-rank hunter dubbed as the weakest hunter of all mankind. While exploring a supposedly safe dungeon, he and his party encounter an unusual tunnel leading to a deeper area. Enticed by the prospect of treasure, the group presses forward, only to be confronted with horrors beyond their imagination. Miraculously, Jin-Woo survives the incident and soon finds that he now has access to an interface visible only to him. This mysterious system promises him the power he has long dreamed of—but everything comes at a price.

[Written by MAL Rewrite]",A-1 Pictures,Web manga,TV
Youkoso Jitsuryoku Shijou Shugi no Kyoushitsu e 3rd Season,https://myanimelist.net/anime/51180/Youkoso_Jitsuryoku_Shijou_Shugi_no_Kyoushitsu_e_3rd_Season,"Jan 3, 2024",13 eps,23 min ,"['Drama', 'Suspense']",https://cdn.myanimelist.net/images/anime/1332/139318.jpg,Third season of Youkoso Jitsuryoku Shijou Shugi no Kyoushitsu e.,Lerche,Light novel,TV
Dungeon Meshi,https://myanimelist.net/anime/52701/Dungeon_Meshi,"Jan 4, 2024",24 eps,25 min ,"['Adventure', 'Comedy', 'Fantasy', 'Gourmet']",https://cdn.myanimelist.net/images/anime/1711/142478.jpg,"Adventuring knight Laios Touden leads a small party through a seemingly endless dungeon, a subterranean maze full of dangerous monsters and precarious traps. Through the use of advanced magic, an explorer can sometimes be resurrected, allowing them to learn from past mistakes and give traversing the dungeon another go. However, when a powerful dragon eats Falin, Laios' spellcasting sister, she sends her brother and his companions back to the beginning to save them from permanent ends.

Though strapped for cash and equipment, Laios resolves to fight his way through the dungeon and rescue Falin before she can be digested by the dragon. Despite some of Laios' allies abandoning him, two remain by his side: elven mage Marcille Donato and halfling locksmith Chilchuck Tims. Due to their lack of funds, the party faces the daunting prospect of starving before being able to complete their quest. However, they find salvation in Senshi, a dwarven warrior with a penchant for cooking and safely eating defeated monsters.

With Senshi's culinary expertise, Laios and his companions struggle through the dungeon while learning about gourmet dining—and each other—along the way.

[Written by MAL Rewrite]",Trigger,Manga,TV
Mashle: Shinkakusha Kouho Senbatsu Shiken-hen,https://myanimelist.net/anime/55813/Mashle__Shinkakusha_Kouho_Senbatsu_Shiken-hen,"Jan 6, 2024",12 eps,23 min ,"['Action', 'Comedy', 'Fantasy']",https://cdn.myanimelist.net/images/anime/1912/140804.jpg,"After Mash Burnedead's clash with Magia Lupus, the secret about his powers is now out in the open. The short-lived celebration ends when the Bureau of Magic summons Mash before an audience of Divine Visionaries, who collectively decree Mash should reap the consequences and die. However, an evil shadow organization called Innocent Zero hijacks the inquiry to demand that Mash be kept alive.

Mash proves that he is capable of dealing with Innocent Zero, but the Divine Visionaries' verdict remains unchanged. Luckily, Mash finds unexpected allies in Divine Visionary Rayne Ames and Headmaster Wahlberg Baigan, and they successfully defer his execution until Innocent Zero is defeated. Mash is now allowed to live under one condition: he must be selected as the Divine Visionary candidate by the year's end.

[Written by MAL Rewrite]",A-1 Pictures,Manga,TV
Tsuki ga Michibiku Isekai Douchuu 2nd Season,https://myanimelist.net/anime/49889/Tsuki_ga_Michibiku_Isekai_Douchuu_2nd_Season,"Jan 8, 2024",25 eps,23 min ,"['Action', 'Adventure', 'Comedy', 'Fantasy']",https://cdn.myanimelist.net/images/anime/1794/142621.jpg,"Despite a rough start, Makoto Misumi's life in another world takes a positive turn when he meets more demihumans who recognize his presence. Now as the leader of a fast-growing demihuman community, Makoto wishes to make human society more accepting of them and thus builds a business showcasing the demihumans' abilities. To extend his reach further, Makoto enrolls at the Rotsgard Academy to learn magic and expand his business venture there.

Meanwhile, the goddess who summoned and forsaken Makoto had brought two other people to her world shortly after sending him away, making them heroes of their respective nations. Given enough time, Makoto's path will intertwine with both of these heroes, which may cause the world to take a drastic direction.

[Written by MAL Rewrite]",J.C.Staff,Light novel,TV
Yubisaki to Renren,https://myanimelist.net/anime/55866/Yubisaki_to_Renren,"Jan 6, 2024",12 eps,23 min ,['Romance'],https://cdn.myanimelist.net/images/anime/1478/140828.jpg,"For hearing-impaired university student Yuki Itose, silence has been a natural part of life since birth. Her world is small and isolated; she commutes to campus, interacts with her best friend Rin Fujishiro, and communicates through writing and text messages—a lifestyle that offers little to no change. One day, during her commute, Yuki meets fellow student Itsuomi Nagi, a multilingual travel enthusiast and friend of Rin. When Itsuomi learns of Yuki's condition, he takes it in stride, moving Yuki's heart. From this one simple gesture, Yuki and Itsuomi's lives start changing day by day as they let each other into their own worlds.

[Written by MAL Rewrite]",Ajia-do,Manga,TV
Chiyu Mahou no Machigatta Tsukaikata,https://myanimelist.net/anime/49613/Chiyu_Mahou_no_Machigatta_Tsukaikata,"Jan 6, 2024",13 eps,23 min ,"['Action', 'Adventure', 'Fantasy']",https://cdn.myanimelist.net/images/anime/1733/140802.jpg,"Ken Usato, an ordinary high schooler, wishes for something fantastical to occur in his unremarkable life. Such an opportunity arrives when he is transported to another world alongside Kazuki Ryuusen and Suzune Inukami, two prodigious members of his school's student council. Arriving in Llinger Kingdom, the three are deemed to be the heroes tasked with stopping the impending invasion by the Demon Lord's army. However, this is a misunderstanding—Usato was summoned by accident and, unlike his two friends, is not one of the heroes.

Despite this disheartening revelation, Usato learns that he has an aptitude for the extremely rare healing magic. This catches the attention of Rose, the intimidating captain of the kingdom's Rescue Team, who forcibly takes custody of Usato to mold him into a full-fledged healer. As he undergoes grueling training under Rose's supervision, Usato resolves to become capable enough to protect his friends from the dangers of this world.

[Written by MAL Rewrite]",Shin-Ei Animation,Light novel,TV
Boku no Kokoro no Yabai Yatsu 2nd Season,https://myanimelist.net/anime/55690/Boku_no_Kokoro_no_Yabai_Yatsu_2nd_Season,"Jan 7, 2024",13 eps,23 min ,"['Comedy', 'Romance']",https://cdn.myanimelist.net/images/anime/1643/138581.jpg,"After an eventful winter break, Kyoutarou Ichikawa and Anna Yamada reunite with a stronger bond. They continue to grow in their own ways, with Yamada taking on more challenging photoshoots and Ichikawa maturing both physically and emotionally as he tackles his affections for Yamada. However, spending time together outside of school allows for their relationship to deepen, and it becomes increasingly difficult to deny their budding romantic feelings.

Grappling with these unexpected and new emotions, Ichikawa and Yamada realize that, with the passage of time, their relationship is bound to change—and they must ultimately decide whether they wish to remain close friends or finally become a couple.

[Written by MAL Rewrite]",Shin-Ei Animation,Manga,TV
Mato Seihei no Slave,https://myanimelist.net/anime/50392/Mato_Seihei_no_Slave,"Jan 4, 2024",12 eps,23 min ,"['Action', 'Fantasy', 'Ecchi']",https://cdn.myanimelist.net/images/anime/1114/140805.jpg,"As his school days draw to an end, Yuuki Wakura worries about his future. While lamenting the prospect of living an ordinary life, he is suddenly drawn into the world of Mato: an alternate dimension filled with dangerous monsters called Shuuki. Over the years since the existence of Mato was first confirmed, incidents of people accidentally wandering into the other world have become commonplace. To combat the threat of the Shuuki and rescue victims like Yuuki, the all-female Demon Defense Force was established. Its members have been blessed with the power of ""Peaches""—Mato fruits that grant supernatural abilities only to women.

Though Yuuki's situation is dire, he is saved in the nick of time by Kyouka Uzen, the chief of the Demon Defense Force's seventh unit. Despite Kyouka's impeccable skills in battle, she has long been held back by her Peach-granted ability, Slave. Slave allows Kyouka to put a living being under her control and draw out its strength, but the Shuuki that she had enslaved until now had all proven to be exceedingly weak.

When Yuuki and Kyouka become surrounded by a horde of Shuuki, Kyouka resorts to something she has never tried before: using her ability on a man. To her surprise, Yuuki's slave form is much more powerful than she could have imagined. Believing the young man to be the key to unlocking her true potential, Kyouka invites Yuuki to join the Demon Defense Force—but not as a regular member.

[Written by MAL Rewrite]",Seven Arcs,Manga,TV
"Loop 7-kaime no Akuyaku Reijou wa, Moto Tekikoku de Jiyuu Kimama na Hanayome Seikatsu wo Mankitsu suru",https://myanimelist.net/anime/56352/Loop_7-kaime_no_Akuyaku_Reijou_wa_Moto_Tekikoku_de_Jiyuu_Kimama_na_Hanayome_Seikatsu_wo_Mankitsu_suru,"Jan 7, 2024",12 eps,23 min ,['Romance'],https://cdn.myanimelist.net/images/anime/1533/140617.jpg,"Rishe Irmgard Weitzner finds herself in a familiar situation: her fiancé is publicly breaking off their engagement, and her ducal family is about to disown her in shame. However, Rishe is not distraught; she has already had six chances to rebuild her life and chase a different passion each time. But she would always get swept up in a war and die, so now she wishes for her seventh reincarnation to be easygoing and uneventful.

What Rishe does not take into account is the presence of Arnold Hein, the crown prince of the Galkhein Kingdom. He is destined to usurp the throne and become a tyrant who starts a large-scale invasion of neighboring countries. To make their encounter worse, Arnold is the one who killed Rishe in her previous life. That is why it is all the more shocking when he proposes to Rishe on the spot. In pursuit of her desired life, Rishe must consider accepting Arnold's proposal and discover the reasons behind his brutal actions to stop the war from ever happening.

[Written by MAL Rewrite]",HORNETS,Light novel,TV
Dosanko Gal wa Namara Menkoi,https://myanimelist.net/anime/53421/Dosanko_Gal_wa_Namara_Menkoi,"Jan 9, 2024",12 eps,24 min ,"['Comedy', 'Romance']",https://cdn.myanimelist.net/images/anime/1937/136906.jpg,"Having just moved from Tokyo to Hokkaido, high school student Tsubasa Shiki decides to explore the picturesque winter landscape he could never experience in the nation's capital. It only takes a moment for Tsubasa's idealized view of Japan's northernmost prefecture to crumble, as the sheer cold and frigid air quickly overwhelm him. While trying to find the way to his new home, Tsubasa runs into Minami Fuyuki—a talkative and friendly Hokkaido native who, despite the cold, is wearing a short skirt. The girl wastes no time in striking up a conversation, and Tsubasa comes to realize that the winter weather is not all that is too much for him to handle.

The next day, Tsubasa is shocked to learn that not only is Fuyuki in his class, but her seat is also right next to his. Swept along by Fuyuki's persistent advances, the young man soon becomes captivated by both life in Hokkaido and the beautiful girl determined to get closer to him. As he deepens his relationship with Fuyuki and meets other fashionable girls from his school, Tsubasa finds out that Hokkaido gals truly are adorable.

[Written by MAL Rewrite]",Blade,Manga,TV
Ninja Kamui,https://myanimelist.net/anime/56285/Ninja_Kamui,"Feb 11, 2024",13 eps,23 min ,"['Action', 'Sci-Fi']",https://cdn.myanimelist.net/images/anime/1142/141351.jpg,"Seemingly an average man, Joe Logan leads a peaceful life in the countryside with his wife and child. However, the Logan family have actually assumed false identities to escape from Joe's past as a fearsome ninja assassin. Despite a string of high-profile murders of his former peers, Joe is sure that his new life is secure—but his tranquil bliss is soon shattered when his family is slaughtered by members of his former clan.

Left for dead, Joe wakes up in a hospital, unsure of how he survived the wounds that should have killed him. Police detectives Emma Samanda and Mike Moriss, assigned to investigate the Logan family's deaths, witness another attempt on Joe's life. However, this time Joe is prepared. Unleashing secret techniques, he easily dispatches his enemies, shedding his new identity in the process.

Embracing his old ways, Joe shrouds himself in his former persona, cutting through the organization he once served in the name of cold-blooded revenge. Assisted in his hunt by the detective duo, Joe will stop at nothing to kill his past and the demons hailing from it.

[Written by MAL Rewrite]",E&H Production,Original,TV
Nozomanu Fushi no Boukensha,https://myanimelist.net/anime/51648/Nozomanu_Fushi_no_Boukensha,"Jan 8, 2024",12 eps,23 min ,"['Action', 'Adventure', 'Fantasy']",,"While exploring a labyrinth, Rentt Faina, an adventurer with lots of experience but little to show for it, is killed by a dragon upon discovering its lair. Shockingly, he wakes up to find himself turned into a skeleton, the lowest class of undead monsters. As Rentt fights against the other monsters of the labyrinth, he discovers that slaying them gains him experience towards higher stages of undead evolution—even ones with flesh! With this revelation in hand, Rentt obtains a new objective in his undeath: keep evolving in the hope of eventually becoming a vampire, the highest form of undead that is nearly indistinguishable from human beings.

Despite being forced to hide his past identity and monstrous nature under an unremovable mask, Rentt manages to return to a semblance of his former life. Granted shelter by Lorraine Vivier, an elite researcher and retired adventurer, Rentt assumes her surname and starts over from scratch as a rookie. Determined to pursue his childhood dream and become a mithril-class adventurer, Rentt must be cautious not to disclose his new bodily circumstances, lest the adventurers’ guild seek to exterminate the monster he has become.

[Written by MAL Rewrite]",Connect,Light novel,TV
Mahou Shoujo ni Akogarete,https://myanimelist.net/anime/54722/Mahou_Shoujo_ni_Akogarete,"Jan 3, 2024",13 eps,23 min ,"['Action', 'Comedy', 'Girls Love', 'Ecchi']",,"A team of three magical girls known as Tres Magia protects the town where Utena Hiiragi lives. Like many others, Utena loves these magical girls who valiantly fight in the name of justice. One day, a mysterious black mascot character appears before Utena and grants her the opportunity of a lifetime: a chance to transform into a magical girl.

However, the offer is not what it seems, as Utena has been recruited for an evil organization to fight the magical girls she has always admired. Utena is then forced to confront Tres Magia in battle; but instead of feeling remorse, she unexpectedly finds pleasure in inflicting pain on the magical girls. Completely giving in to her desires, Utena embraces her role as a villain, slowly transforming her adoration for magical girls into a new sadistic obsession.

[Written by MAL Rewrite]",Asahi Production,Web manga,TV
Akuyaku Reijou Level 99: Watashi wa Ura-Boss desu ga Maou dewa Arimasen,https://myanimelist.net/anime/54837/Akuyaku_Reijou_Level_99__Watashi_wa_Ura-Boss_desu_ga_Maou_dewa_Arimasen,"Jan 9, 2024",12 eps,23 min ,['Fantasy'],,"The beginning of Light Magic and the Hero, an otome RPG, unfolds fairly normally: the heroine, Alicia Ehnleit, meets her three love interests one after another and then inevitably comes face-to-face with the villainess. Yumiella Dolkness may be of noble descent, but her dark hair and rare dark-type magic—both associated with the Demon Lord—spark fear in anyone who sees her. When she is five years old, Yumiella regains memories of her previous life in modern Japan, also realizing that her fate is to become the hidden boss that appears after Alicia and her suitors defeat the Demon Lord.

Yumiella refuses to live as the game dictates and, as she prefers the game's fantasy elements over its romance, she decides to cultivate her magical skills and level up in secret. However, everything falls apart on the day of the Royal Academy's entrance ceremony. Yumiella's powers are measured at level 99—something thought impossible even for the royal knights, let alone a 15-year-old girl. With the royal family requesting her help, and everyone else insisting that she prove her strength, Yumiella realizes that her dream of a quiet life is no longer an option.

[Written by MAL Rewrite]",Jumondo,Light novel,TV
Majo to Yajuu,https://myanimelist.net/anime/52816/Majo_to_Yajuu,"Jan 12, 2024",12 eps,24 min ,"['Action', 'Fantasy']",,"Cursed by a witch, the feral and tempestuous Guideau tenaciously searches for the culprit so she can exact revenge. To this end, she joins the Order of Magical Resonance, an organization that deals with everything connected to magic. The Order agrees to work with Guideau in return for her help solving the myriad of magic-related cases occurring across the world.

The Order's suave and mysterious mage Ashaf accompanies Guideau for the sake of successfully completing missions. As the pair traverses the land in search of that unknown witch, their experience with the fantastical world of magic grows ever more peculiar the further they advance in their journey.

[Written by MAL Rewrite]",Yokohama Animation Laboratory,Manga,TV
Ao no Exorcist: Shimane Illuminati-hen,https://myanimelist.net/anime/53889/Ao_no_Exorcist__Shimane_Illuminati-hen,"Jan 7, 2024",12 eps,23 min ,"['Action', 'Supernatural']",,"At True Cross Academy, Rin Okumura unknowingly comes across the first signs that something is amiss; ordinary people have been gaining the ability to perceive the invisible creatures that roam the human realm, Assiah. While Rin sees this as an opportunity to make a new friend, his twin brother, Yukio, is more burdened than ever. Swamped with his education, exorcist duties, and teaching position, Yukio has remained silent about his awakened powers, unable to understand their scale or significance.

While Rin and his friends prepare for the annual Exorcist Certification Exam, the True Cross Order has uncovered the first artificial gate to the demonic realm of Gehenna. Witnessing its size and the advanced technology that made it possible, the exorcists realize they are now dealing with the Illuminati, an extremely wealthy and powerful organization. Moreover, the inscrutable Illuminati have planted three spies in the True Cross Order—and one may be hiding among the aspiring exorcists sworn to protect mankind from the demonic threat.

[Written by MAL Rewrite]",Studio VOLN,Manga,TV
"Sokushi Cheat ga Saikyou sugite, Isekai no Yatsura ga Marude Aite ni Naranai n desu ga.",https://myanimelist.net/anime/53730/Sokushi_Cheat_ga_Saikyou_sugite_Isekai_no_Yatsura_ga_Marude_Aite_ni_Naranai_n_desu_ga,"Jan 5, 2024",12 eps,23 min ,"['Action', 'Adventure', 'Comedy', 'Fantasy']",,"During a school trip, a bus full of students is suddenly transported to another world by a sage named Sion. She bestows most of the students with powers called Gifts, seeking to recruit them to become sages as well. However, a few are excluded from receiving a Gift, resulting in the others leaving them behind.

Yogiri Takatou, one of the students who did not receive a Gift, wakes up to find a dragon attacking the bus. Amidst the chaos, he executes the dragon using his innate ability to instantly put anything to death. Alongside fellow survivor Tomochika Dannoura, Takatou sets out to find a way back to Earth, all while eliminating anyone who dares to underestimate him—including his former classmates.

[Written by MAL Rewrite]",Okuruto Noboru,Light novel,TV
Jaku-Chara Tomozaki-kun 2nd Stage,https://myanimelist.net/anime/50803/Jaku-Chara_Tomozaki-kun_2nd_Stage,"Jan 3, 2024",13 eps,23 min ,"['Drama', 'Romance']",,"Fumiya Tomozaki is now cruising through the game of life—all thanks to the guidance of Aoi Hinami, his popular classmate and rival in the online game Attack Families, widely known as ""Tackfam."" As the summer holiday draws to a close and a new term commences, Tomozaki reunites with Aoi, who reminds him of his ultimate goals: to become well-liked among his peers and find himself a girlfriend.

However, Tomozaki puts his ambitions on hold when his innocent friend, Hanabi Natsubayashi, starts being bullied. To make matters worse, Aoi is characteristically out of touch with the situation. But Tomozaki is not alone in resolving this issue—he now has a group of loyal friends who are all determined to help Hanabi and ensure they enjoy their youths together to the fullest.

[Written by MAL Rewrite]",Project No.9,Light novel,TV
"Shin no Nakama ja Nai to Yuusha no Party wo Oidasareta node, Henkyou de Slow Life suru Koto ni Shimashita 2nd",https://myanimelist.net/anime/53488/Shin_no_Nakama_ja_Nai_to_Yuusha_no_Party_wo_Oidasareta_node_Henkyou_de_Slow_Life_suru_Koto_ni_Shimashita_2nd,"Jan 7, 2024",12 eps,23 min ,"['Adventure', 'Fantasy', 'Romance']",,"Finally free of her Blessing's impulses, former Hero Ruti has settled into her idyllic slow life with assassin housemate Tisse in the border town of Zoltan. She's happy to once again be close to her apothecary brother Red, the former Guide of her previous Hero's Party, while he's living his best loved-up life with his partner (and soon-to-be fiancee) Princess Rit. Unfortunately, there's a new Hero on the scene whose fundamentalist interpretation of his Blessing's urges will bring conflict and despair to sleepy Zoltan…

(Source: ANN)",Studio Flad,Light novel,TV
Oroka na Tenshi wa Akuma to Odoru,https://myanimelist.net/anime/55129/Oroka_na_Tenshi_wa_Akuma_to_Odoru,"Jan 9, 2024",12 eps,23 min ,"['Comedy', 'Supernatural']",,"Losing their war against Heaven's angel army, the demons of Hell are on the cusp of collapse. As a last ditch attempt to turn the tides of the war, the demons send Akutsu Masatora to the mortal plane on Earth to save their homeland from the angels. Disguising himself as a high school student, Akutsu seeks to recruit someone with the capability to lead the demons to victory.

Akutsu does not have to look far: among his classmates is the magnificent Lily Amane, a transfer student who seems like the perfect candidate for Akutsu's plans. But as luck would have it, Lily is one of the very angels that Akutsu is meant to be fighting against, and his attempt to recruit her might end up being the biggest blunder in the failing war. Worse yet, Akutsu may fall in love with his own worst enemy.

[Written by MAL Rewrite]",Children's Playground Entertainment,Manga,TV
Kekkon Yubiwa Monogatari,https://myanimelist.net/anime/54265/Kekkon_Yubiwa_Monogatari,"Jan 6, 2024",12 eps,23 min ,"['Action', 'Fantasy', 'Romance', 'Ecchi']",,"A decade ago, princess Krystal Novaty “Hime” Nokanatika traveled from another world to escape assassination attempts by an evil force. When she arrives in modern-day Japan, she encounters Haruto Satou. With him she shares a promise: he must forget what he has just witnessed, and the two will become friends. Now heading back to the Nokanatika Kingdom to fulfill her royal duties, Hime bids farewell to Haruto. However, when the young man suddenly remembers his first meeting with Hime, he rushes to the location where she first appeared and crosses the dimensional portal to be reunited with her.

His arrival disrupts the marriage ceremony between Krystal and prince Marmarugias Gisaras. The wedding is brutally interrupted by the attack of an abyss monster who threatens the princess' life. Acting impulsively, Hime decides to exchange rings with Haruto, which grants her new husband light powers that permit him to slay the monster. Now dubbed as the Ring King, Haruto must marry four other princesses to acquire new magical powers and have a chance to prevail in his fight against the enemy of the world: the Abyss King.

[Written by MAL Rewrite]",Staple Entertainment,Manga,TV
Saijaku Tamer wa Gomi Hiroi no Tabi wo Hajimemashita.,https://myanimelist.net/anime/53590/Saijaku_Tamer_wa_Gomi_Hiroi_no_Tabi_wo_Hajimemashita,"Jan 12, 2024",12 eps,23 min ,"['Adventure', 'Fantasy']",,"Born into a loving family, Femicia appears to have a bright future ahead of her. When she finally turns five, the time comes to go to the church to have her skills appraised. However, while she does receive a monster tamer skill, it turns out that Femicia has zero stars for that ability. To make matters worse, society considers those who have zero stars to be harbingers of misfortune; as a result, Femicia is shunned by everyone—including her family.

Soon enough, Femicia is chased out of her village and is constantly on the run. Fearing for her life, she decides to masquerade as a boy and change her name to Ivy. With a goal given to her by a fortune teller to reach the royal capital, Ivy meets and successfully tames a slime, starting an unlikely friendship that may provide a means to get the destiny she deserves.

[Written by MAL Rewrite]",Studio Massket,Light novel,TV
Metallic Rouge,https://myanimelist.net/anime/54794/Metallic_Rouge,"Jan 11, 2024",13 eps,22 min ,"['Action', 'Sci-Fi']",,"After emerging victorious against an alien species known as Usurpers using combat androids called Neans, mankind colonized Mars and enjoyed post-war peace. Having fulfilled their purpose as soldiers, Neans became subservient workers and second-class citizens to humans. Requiring a daily dose of Nectar to sustain themselves, the androids depend on their masters for its supply of the drug.

However, among this societal hierarchy lie Proto-Neans, independent specialized androids that can summon metallic exoskeletons with superhuman capabilities. Rouge Redstar is one such Proto-Nean working undercover for Aletheia, the government organization overseeing the regulation of Neans, alongside her human partner, Naomi Orthmann.

Rouge and Naomi's mission is to eliminate the Immortal Nine—Proto-Neans who threaten humanity for cryptic reasons. At the same time, an investigator is making his way to Mars to follow a series of murders where Rouge is considered the prime suspect. As the pair delve deeper into their search for the Immortal Nine, they uncover groundbreaking information about the rogue androids and the organization they work for.

[Written by MAL Rewrite]",Bones,Original,TV
Sasaki to Pii-chan,https://myanimelist.net/anime/52482/Sasaki_to_Pii-chan,"Jan 5, 2024",12 eps,25 min ,"['Adventure', 'Comedy', 'Fantasy']",,"Sasaki, a 39-year-old corporate employee, has resigned himself to live a modest life without dreams and dangers. To his great surprise, his fate takes a brutal turn after he decides to adopt a Java sparrow that he names Pii-chan. The talking bird not only happens to be a reincarnation of a famous magician from another world, but it decides to grant some of its powers to Sasaki—along with the ability to traverse between worlds. Sasaki begins a lucrative business of selling technological items from his world to the less advanced civilization of the other.

However, Sasaki's life becomes more chaotic when he stops an attempt on a woman's life with his new powers.  Unfortunately, the woman Sasaki saved also happens to be a government agent named Hoshizaki, who is tasked with tracking down gifted individuals like him. Forced to join Hoshizaki's secret agency, Sasaki partakes in dangerous missions to find other gifted criminals. He does not even have the luxury of hiding in the other world, where a war is about to break out. If he wants to protect peace in both worlds, Sasaki will have to become the hero that no one expects him to be.

[Written by MAL Rewrite]",SILVER LINK.,Light novel,TV
Ishura,https://myanimelist.net/anime/54449/Ishura,"Jan 3, 2024",12 eps,23 min ,"['Action', 'Adventure', 'Fantasy']",,"After the demise of the demon king, the resulting power vacuum has broken the balance of the world. Eager to claim this power for themselves, self-proclaimed demon kings from various worlds assemble in the New Principality of Lithia to fight for it. Among them, master swordsman Soujirou Yagyuu seeks to take this coveted position for himself. Joined by Tooi Kagizume no Yuno, a young girl he saved from an army of golems that destroyed her city, Soujirou enters Lithia to battle his way to the title.

At the same time, the leaders of the Aureatia Kingdom seek to destabilize Lithia by launching bandits after the convoys of merchandise transiting through the principality. Enraged, Imashime of Taren, the founder of Lithia and defector from Aureatia, sends vicious thief Kasasagi no Dakai to investigate the origin of these attacks. With war on the brink of eruption, no one can predict what influence the contenders for the demon king's throne will have on the coming conflict.

[Written by MAL Rewrite]",Passione,Light novel,TV
Gekai Elise,https://myanimelist.net/anime/54632/Gekai_Elise,"Jan 10, 2024",12 eps,23 min ,"['Fantasy', 'Romance']",,"In her first life, the renowned and genius surgeon Dr. Aoi Takamoto was Elise de Clorance, a villainess of noble descent. Elise's selfishness, insolence, and obsessive love for her fiancé—Prince Linden de Romanoff—led to the deaths of her family members and, eventually, herself. Only after being reborn did Elise realize the error of her ways and decide that, instead of ruining lives, she would devote herself to saving them. But a tragic airplane crash robs her of her dreams too soon.

By a miracle, Elise wakes up in her original body before her official engagement to Linden. Recognizing the chance to cherish her loving family and free Linden from an unwanted marriage, Elise wishes to use her advanced medical knowledge to continue down the path of saving lives. In a deal with the emperor, Elise is given only six months to prove that her true place is not on the throne, but rather with the wounded and ailing who desperately need her help.

[Written by MAL Rewrite]",Maho Film,Web manga,TV
Bucchigiri?!,https://myanimelist.net/anime/55358/Bucchigiri,"Jan 13, 2024",12 eps,24 min ,"['Comedy', 'Supernatural']",,"Minato Kai and Siguma Squad, two rival gangs at Ichizu High School, are embroiled in a bitter power struggle. As a transfer student, Arajin Tomoshibi has no interest in getting involved; instead, his priority is finding a girlfriend. Fortunately for him, he is placed next to Mahoro Jin, the prettiest girl in the class who also seems to like him. However, she has an overprotective older brother, Marito—none other than the combative leader of Siguma Squad. Moreover, Arajin's reunion with his childhood friend, Matakara Asamine, spells trouble since Matakara is a member of Minato Kai.

With his rotten luck, Arajin also accidentally awakens the genie Senya, known as a Honki Person from ancient legends. Senya takes a shine to him because of the young man's fervent aspiration—despite it only being the loss of his virginity. While Arajin would be the first to flee from a fight, Senya lending him his powers helps the lovesick boy to hold his own against the likes of Marito, although this only raises the interest of both gangs in recruiting him. As the turf wars heat up when a third gang joins the fray, Arajin's involvement may be unavoidable.

[Written by MAL Rewrite]",MAPPA,Original,TV
Kyuujitsu no Warumono-san,https://myanimelist.net/anime/54617/Kyuujitsu_no_Warumono-san,"Jan 8, 2024",12 eps,23 min ,"['Fantasy', 'Slice of Life']",,"As a member of a malevolent organization, the General is tasked with invading Earth and wiping out humanity. Even an extraterrestrial being like him, however, needs a chance to rest.

Not even the Rangers—a team solely dedicated to defeating the General and his colleagues—will stand in the way of him visiting pandas at the zoo, buying ice cream at the convenience store, and enjoying his well-deserved day off from committing evil deeds.

[Written by MAL Rewrite]",Shin-Ei Animation,Web manga,TV
"Saikyou Tank no Meikyuu Kouryaku: Tairyoku 9999 no Rare Skill-mochi Tank, Yuusha Party wo Tsuihou sareru",https://myanimelist.net/anime/56845/Saikyou_Tank_no_Meikyuu_Kouryaku__Tairyoku_9999_no_Rare_Skill-mochi_Tank_Yuusha_Party_wo_Tsuihou_sareru,"Jan 7, 2024",12 eps,23 min ,"['Action', 'Adventure', 'Fantasy']",,"Rud is a tank of the Hero's Party and is said to have the highest defense ever in history. The party often does labyrinth raids, but to Rud, it means more than just a raid. To cure his beloved sister's illness, he is in search for the wish-granting treasure that might be hidden in those labyrinths. But one day, the arrogant hero kicks him from the party after an unsuccessful raid attempt, blaming it on his skills whose effects he is still unaware of.

With nowhere else to go and nothing to do, he decides to return to his hometown, where his sister is waiting. On his way there, he saves a girl who was being attacked by a monster. Unexpectedly, this girl has an extremely rare skill called ""Appraisal."" Thanks to her skill, Rud is able to discover the truth behind his unknown skills, which turn out to be very powerful skills. With a defense of 9999 and powerful skills, thus begins the adventure of the strongest tank, Rud!

(Source: Square Enix)",Studio Polon,Manga,TV
Isekai de Mofumofu Nadenade suru Tame ni Ganbattemasu.,https://myanimelist.net/anime/52359/Isekai_de_Mofumofu_Nadenade_suru_Tame_ni_Ganbattemasu,"Jan 7, 2024",12 eps,23 min ,"['Adventure', 'Fantasy']",,"Twenty-seven-year-old salarywoman Midori Akitsu suddenly dies in her apartment due to overwork. As her spirit leaves her body, God appears before her, offering Midori a second chance at life in another world called Asdyllon. There, she must observe how badly humans persecute other species and judge if they should continue existing.

To help her get started, God grants Midori a special ability: to be liked by all kinds of non-humans—whether it be animals or holy beasts—enabling her to embrace and cuddle them as much as she wants. Now reborn as Nefertima Osfe, a duke's daughter, she enjoys her new life to the fullest alongside her adorable companions. However, it will not be long before she discovers what her task truly entails and that her time in this world will not always be fluffy.

[Written by MAL Rewrite]",EMT Squared,Light novel,TV
30-sai made Doutei dato Mahoutsukai ni Nareru Rashii,https://myanimelist.net/anime/55973/30-sai_made_Doutei_dato_Mahoutsukai_ni_Nareru_Rashii,"Jan 11, 2024",12 eps,23 min ,"['Boys Love', 'Comedy']",,"When mundane office worker Kiyoshi Adachi turns 30 years old, he discovers that he has gained the ability to read minds due simply to remaining a virgin for his entire life. The caveat, however, is that he must make physical contact with a person to know what they are thinking about. Adachi believes there is no real use for this power until he accidentally hears the thoughts of his coworker, Yuuichi Kurosawa.

Charismatic and dependable, Kurosawa is the star of Adachi's team at work, earning praise and admiration from everyone at the office. But deep within, Kurosawa harbors an intense one-sided crush for the gloomy Adachi—a fact that Adachi only learns because of his ability, and knowledge he tries to respectfully disregard. As Kurosawa treats Adachi with kindness and affection he has never experienced before, Adachi finds it increasingly difficult to ignore his coworker's genuine advances.

[Written by MAL Rewrite]",Satelight,Manga,TV
"Himesama ""Goumon"" no Jikan desu",https://myanimelist.net/anime/55774/Himesama_Goumon_no_Jikan_desu,"Jan 9, 2024",12 eps,23 min ,"['Comedy', 'Fantasy', 'Gourmet']",,"As the commander of the Imperial Army's Third Legion, the Royal Empire's princess has led humanity to countless victories against the demonic Hellhorde. However, she has now been captured by the enemy and confined to the dungeons, with her sentient sword, Ex, as her only company.

Due to her royal status, the princess knows invaluable secrets that would help the Hellhorde achieve dominance. To have her reveal all the information they need, the demons do not hesitate to subject the princess to the most vile forms of torture—that is, tempting her with delicious food, lasting friendships, adorable animals, and the most enjoyable experiences imaginable.

[Written by MAL Rewrite]",PINE JAM,Manga,TV
Sengoku Youko: Yonaoshi Kyoudai-hen,https://myanimelist.net/anime/56242/Sengoku_Youko__Yonaoshi_Kyoudai-hen,"Jan 11, 2024",13 eps,23 min ,"['Action', 'Adventure', 'Fantasy']",,"Aspiring samurai Shinsuke Hyoudou's world is turned upside down when he witnesses hermit Jinka Yamato and fox girl Tama Youko slay a brigands' lair in the blink of an eye. Tama happens to be katawara, a magically gifted species, who can share her powers with Jinka through a special ritual. Together, they travel the world as vigilantes to stop evil beings, be they katawara or human.

As Shinsuke learns more about this new world, he discovers that monks perform inhumane research on spiritually gifted civilians, in the hope of creating human-katawara hybrids that can fight against monsters. Soon joined by Shakuyaku—a girl they manage to save from the monks’ experiments—and other allies, the group embarks on a quest to achieve their respective dreams.

[Written by MAL Rewrite]",White Fox,Manga,TV
Momochi-san Chi no Ayakashi Ouji,https://myanimelist.net/anime/55998/Momochi-san_Chi_no_Ayakashi_Ouji,"Jan 6, 2024",12 eps,24 min ,"['Romance', 'Supernatural']",,"Orphan Himari Momochi's only link to her late parents is the house they secretly bequeathed her, which she does not learn of until her 16th birthday. Thrilled by the opportunity to know more about her family, Himari arrives at the rumored haunted house and is bewildered to find three young men already living there: Aoi Nanamori, who identifies himself as the guardian of the place, and his two familiars, Yukari and Ise. Although they allow her to stay overnight, they warn her to leave the next day so she can avoid harm from ayakashi—wandering spirits that sometimes attack human beings.

Surprisingly, Himari is unaffected by her spectral encounters and determined to move in to the residence. After she discovers that Aoi had become guardian unwittingly and is now confined to the property, forgotten by the outside world, her resolve only grows stronger. Touched by his story, Himari decides to find a way to free Aoi from his dim fate, and she convinces the three Momochi House protectors to accept her as their landlady. However, the mysterious Kasha who keeps sending hostile ayakashi to Himari's new home seems to have darker plans for Aoi's future.

[Written by MAL Rewrite]",Drive,Manga,TV
Urusei Yatsura (2022) 2nd Season,https://myanimelist.net/anime/54829/Urusei_Yatsura_2022_2nd_Season,"Jan 12, 2024",23 eps,22 min ,"['Comedy', 'Romance', 'Sci-Fi']",,"Second season of Urusei Yatsura (2022).
",David Production,Manga,TV
High Card Season 2,https://myanimelist.net/anime/54869/High_Card_Season_2,"Jan 8, 2024",12 eps,23 min ,"['Action', 'Fantasy']",,Second season of High Card.,Studio Hibari,Mixed media,TV
Kingdom 5th Season,https://myanimelist.net/anime/53223/Kingdom_5th_Season,"Jan 14, 2024",13 eps,24 min ,['Action'],,Fifth season of Kingdom.,Pierrot,Manga,TV
"Meitou ""Isekai no Yu"" Kaitakuki: Around 40 Onsen Mania no Tensei Saki wa, Nonbiri Onsen Tengoku deshita",https://myanimelist.net/anime/57315/Meitou_Isekai_no_Yu_Kaitakuki__Around_40_Onsen_Mania_no_Tensei_Saki_wa_Nonbiri_Onsen_Tengoku_deshita,"Jan 12, 2024",12 eps,3 min ,"['Fantasy', 'Ecchi']",,"Kouzou Yukawa is a passionate hot springs enthusiast—a hot springs hunter who was able to sniff out the source of springs. One day, while searching for a hidden hot spring to revitalize a town, he slips off a cliff and dies. He is then reincarnated into another world by an Inari deity of a small shrine hidden in the rocks. Kouzou is joined by Inari's messenger princess, Mayudama. The hot spring hunter within Kouzou is stirred right away, as he takes a bath with Mayudama in the hot spring he just discovered. Then, an elf girl appears...

(Source: MAL News)",BloomZ,Light novel,TV
Shaman King: Flowers,https://myanimelist.net/anime/51673/Shaman_King__Flowers,"Jan 10, 2024",13 eps,23 min ,"['Action', 'Adventure', 'Supernatural']",,"The story will center on You and Anna's son, Hana.",Bridge,Manga,TV
Pon no Michi,https://myanimelist.net/anime/55397/Pon_no_Michi,"Jan 6, 2024",12 eps,24 min ,"['Slice of Life', 'Supernatural']",,"When Nashiko Jippensha's mother kicks her out of the house for being too loud, the high school girl needs to find a new place to hang out with her friends. Luckily, Nashiko's father owns a closed-down mahjong parlor that is perfect for her needs. While cleaning out the place, Nashiko discovers a talking bird who introduces himself as a mahjong spirit, encouraging her to try playing the game with her friends.

Realizing that they enjoy the game immensely, Nashiko and her friends decide to continue playing and enjoy the new space they have to hang out.

[Written by MAL Rewrite]",OLM,Original,TV
Yuuki Bakuhatsu Bang Bravern,https://myanimelist.net/anime/55528/Yuuki_Bakuhatsu_Bang_Bravern,"Jan 11, 2024",12 eps,23 min ,"['Action', 'Comedy', 'Sci-Fi']",,"In a world where humanoid armored weapons known as ""Titatonostrider"" (""TS"" for short) are used in warfare, troops from various countries converge on the island of Oahu, Hawaii, including Ao Isami of the Japan Ground Self-Defense Force and Lewis Smith of the United States Marine Corps. Isami and Smith cross paths during battle, but suddenly, their teams are attacked by an unknown enemy, scattering soldiers and sending their forces into disarray. In order to save their friends and survive on the deadly battlefield, they must fight with every ounce of courage and pride that they can muster.

(Source: Crunchyroll News, edited)",CygamesPictures,Original,TV
Synduality: Noir Part 2,https://myanimelist.net/anime/56731/Synduality__Noir_Part_2,"Jan 9, 2024",12 eps,24 min ,"['Action', 'Sci-Fi']",,"Despite returning victorious from a dangerous struggle, Kanata and his friends have, in a sense, lost a key ally, the amnesiac magus Noir. Having partially recovered her memory, Noir reverted back to her former personality: that of Mystere, who acts in a patronizing manner toward her master Kanata. However, Mystere remembers detecting a signal from Histoire, a mystical city, during her former life as an artificially intelligent magus.

Meanwhile, Tokio disappears from Rock Town while hunting down the ghosts of his past; however, shocking revelations await the deeper his search goes. As Kanata, his childhood friend Ellie, and the magus diva Ciel set out for Histoire, a hostile organization named Ideal sends assassins after them. If Kanata wants to stand a chance at accomplishing his dream, he must uncover the unpleasant truth about Ideal—and some of his closest allies.

[Written by MAL Rewrite]",8bit,Mixed media,TV
Meiji Gekken: 1874,https://myanimelist.net/anime/57502/Meiji_Gekken__1874,"Jan 14, 2024",10 eps,27 min ,['Action'],,"Shizuma Origasa, once a renowned samurai in the Aizu Domain, has fallen on hard times following his home region's crushing defeat against the new imperial government. To make ends meet, Shizuma now works as a rickshaw puller in Tokyo. Meanwhile, he tirelessly searches for his missing fiancée, Sumie Kanomata, the younger sister of his close friend Gennosuke, who had entrusted Shizuma with her safety in his final moments.

After foiling an assassination plot, Shizuma is hired by the police force, and he uses this opportunity to further his pursuit of Sumie. However, he soon lands in a whirlpool of political conspiracies involving government loyalists, persistent rebels, cunning courtesans, meddlesome foreigners, and even a mysterious yakuza member, Kyoushirou Shuragami.

[Written by MAL Rewrite]",Tsumugi Akita Animation Lab,Original,TV
Hikari no Ou 2nd Season,https://myanimelist.net/anime/54754/Hikari_no_Ou_2nd_Season,"Jan 14, 2024",10 eps,24 min ,"['Adventure', 'Drama', 'Fantasy']",,"After escaping a violent encounter, Touko finds herself lost in the chaos of a city under invasion by Spiders, a tribe of people with dangerous supernatural abilities. Touko has traveled to the city intending to return the possessions of Haijuu, a fire hunter who died protecting her. She is aided by Haijuu's dog, Kanata, and Akira, a fire hunter who has protected her on her journey so far. When Akira is drawn away by an important task, Touko is swept into the battle's confusion to begin a new journey of her own.

Meanwhile, Haijuu's son Koushi fights to defend the city. Though physically unremarkable, Koushi's ingenuity has aided in the development of a few useful weapons. These include a powerful cannon capable of casting down ungodly lightning to smite the invading forces. With such destructive force seen as an offense to the gods, the deity Hibari seeks to stop him.

As they are both drawn into the unraveling plans of scheming gods and humans alike, Touko and Koushi struggle to survive.

[Written by MAL Rewrite]",Signal.MD,Light novel,TV
Gekkan Mousou Kagaku,https://myanimelist.net/anime/56691/Gekkan_Mousou_Kagaku,"Jan 11, 2024",12 eps,23 min ,"['Comedy', 'Fantasy', 'Mystery']",,"Gekkan Mousou Kagaku is set in Most City in an unknown country in a small publishing house that prints a monthly magazine about the most outlandish of things. Everything changes when the staff of the magazine, editor-in-chief Tarou, his assistant Jirou and dog Saburou, meet with scientist Gorou Satou...

(Source: Crunchyroll)",OLM,Original,TV
Snack Basue,https://myanimelist.net/anime/55636/Snack_Basue,"Jan 13, 2024",13 eps,23 min ,['Comedy'],,"Located five stations away from Hokkaido's largest downtown area Susukino. A fun shop called ""Snack Bus"" can be found run by mama Basue and mama Akemi. Filled with the laughter of the girls and their unusual regulars, you'll be smiling along with them before you know it. 

(Official Site, translated)",Studio PuYUKAI,Manga,TV
Wonderful Precure!,https://myanimelist.net/anime/57390/Wonderful_Precure,"Feb 4, 2024",? eps,23 min ,['Action'],,"The Wonderful Precure! anime is set in Animal Town, a town where animals and people live together in harmony. Second-year junior high school student Iroha Inukai is best friends with her dog named Komugi. Out for a walk one day, Iroha and Komugi encounter a mysterious creature named Garugaru, who goes on a rampage in the city. Komugi suddenly transforms into a Pretty Cure named Cure Wonderful, to protect Iroha.

(Source: ANN)",Toei Animation,Original,TV
Yami Shibai 12,https://myanimelist.net/anime/57180/Yami_Shibai_12,"Jan 15, 2024",13 eps,4 min ,"['Avant Garde', 'Horror', 'Supernatural']",,Twelfth season of Yami Shibai.,ILCA,Original,TV
Chou Futsuu Ken Chiba Densetsu,https://myanimelist.net/anime/54197/Chou_Futsuu_Ken_Chiba_Densetsu,"Jan 5, 2024",13 eps,4 min ,"['Comedy', 'Fantasy']",,"In the seemingly ordinary Prefecture Chiba, where life moves at its own relaxed pace, meet Shikawa Ako—a high school student with an unremarkable existence. Little does she know, the humdrum days of Chiba are about to get a hilarious twist. In 'The Legend of Super Normal Prefecture Chiba,' Ako inadvertently becomes the epicenter of a comedic storm that turns the 'ordinary' into the spectacularly absurd.",Super Normal Studio,Original,TV
Cardfight!! Vanguard: Divinez,https://myanimelist.net/anime/54142/Cardfight_Vanguard__Divinez,"Jan 13, 2024",13 eps,24 min ,['Action'],,"One day, six cards known as the “Six Desires” were born with the power to change fate.
Six fighters were chosen, and would come to possess those six cards.

What awaited them was the “Fated Clash“, where they would fight each other until the end, and the last one standing would have any wish granted. A youth named Akina Myodo, who wants to help his frail sister, participates in the Fated Clash to have his wish granted.

And thus, he throws himself into battles with powerful fighters.

(Source: cf-vanguard.com)",GIFTanimation,Original,TV
Harimaware! Koinu,https://myanimelist.net/anime/57012/Harimaware_Koinu,"Jan 6, 2024",12 eps,4 min ,['Comedy'],,"The story of the series follows Koinu, a serious-minded dog who goes to work one day only to find that his company has gone bankrupt. At a loss, Koinu takes a job from a mysterious recruitment agent and is hired to paste dog stickers all over the city. Even though he doesn't understand the purpose of this strange assignment, Koinu works hard every day at his new employment.

(Source: Crunchyroll)",Opera House,Web manga,TV
Shinobanai! Crypto Ninja Sakuya: Ni no Maki,https://myanimelist.net/anime/57605/Shinobanai_Crypto_Ninja_Sakuya__Ni_no_Maki,"Jan 11, 2024",12 eps,3 min ,['Action'],,Second season of Shinobanai! Crypto Ninja Sakuya.,Fanworks,Other,TV
Enjou Bokumetsu! Mahou Shoujo Aiko,https://myanimelist.net/anime/57950/Enjou_Bokumetsu_Mahou_Shoujo_Aiko,"Jan 11, 2024",12 eps,4 min ,"['Comedy', 'Fantasy']",,(No synopsis yet.),,Original,TV
Colorful na Everyday,https://myanimelist.net/anime/57522/Colorful_na_Everyday,"Dec 19, 2023",26 eps,2 min ,['Comedy'],,"The original essay manga whimsically depicts Mumei's childhood memories and daily life, such as ""if a stupid grade school student got a manicure at school…,"" ""the story of when my first armpit hair sprouted,"" and ""a Filipino mom whacking a melonpan bun like a baseball.""

(Source: ANN)",,Web manga,TV
Xin Xiyou Lixian Ji,https://myanimelist.net/anime/58557/Xin_Xiyou_Lixian_Ji,"Jan 19, 2024",52 eps,14 min ,"['Action', 'Adventure', 'Fantasy']",,(No synopsis yet.),,Original,TV
Sakuretsu! Amabie-hime. Season 3,https://myanimelist.net/anime/57881/Sakuretsu_Amabie-hime_Season_3,"Jan 14, 2024",12 eps,3 min ,['Comedy'],,The third season of Sakuretsu! Amabie-hime.,CANON RECORDINGS,Original,TV
Dinoster: Gonglyongsuhodae 2nd Season,https://myanimelist.net/anime/58933/Dinoster__Gonglyongsuhodae_2nd_Season,"Feb 26, 2024",26 eps,12 min ,"['Action', 'Comedy', 'Sci-Fi']",,Second season of Dinoster: Gonglyongsuhodae.,,Original,TV
One Piece,https://myanimelist.net/anime/21/One_Piece,"Oct 20, 1999",? eps,24 min ,"['Action', 'Adventure', 'Fantasy']",,"Barely surviving in a barrel after passing through a terrible whirlpool at sea, carefree Monkey D. Luffy ends up aboard a ship under attack by fearsome pirates. Despite being a naive-looking teenager, he is not to be underestimated. Unmatched in battle, Luffy is a pirate himself who resolutely pursues the coveted One Piece treasure and the King of the Pirates title that comes with it.

The late King of the Pirates, Gol D. Roger, stirred up the world before his death by disclosing the whereabouts of his hoard of riches and daring everyone to obtain it. Ever since then, countless powerful pirates have sailed dangerous seas for the prized One Piece only to never return. Although Luffy lacks a crew and a proper ship, he is endowed with a superhuman ability and an unbreakable spirit that make him not only a formidable adversary but also an inspiration to many.

As he faces numerous challenges with a big smile on his face, Luffy gathers one-of-a-kind companions to join him in his ambitious endeavor, together embracing perils and wonders on their once-in-a-lifetime adventure.

[Written by MAL Rewrite]",Toei Animation,Manga,TV
Sousou no Frieren,https://myanimelist.net/anime/52991/Sousou_no_Frieren,"Sep 29, 2023",28 eps,24 min ,"['Adventure', 'Drama', 'Fantasy']",,"During their decade-long quest to defeat the Demon King, the members of the hero's party—Himmel himself, the priest Heiter, the dwarf warrior Eisen, and the elven mage Frieren—forge bonds through adventures and battles, creating unforgettable precious memories for most of them.

However, the time that Frieren spends with her comrades is equivalent to merely a fraction of her life, which has lasted over a thousand years. When the party disbands after their victory, Frieren casually returns to her ""usual"" routine of collecting spells across the continent. Due to her different sense of time, she seemingly holds no strong feelings toward the experiences she went through.

As the years pass, Frieren gradually realizes how her days in the hero's party truly impacted her. Witnessing the deaths of two of her former companions, Frieren begins to regret having taken their presence for granted; she vows to better understand humans and create real personal connections. Although the story of that once memorable journey has long ended, a new tale is about to begin.

[Written by MAL Rewrite]",Madhouse,Manga,TV
Kusuriya no Hitorigoto,https://myanimelist.net/anime/54492/Kusuriya_no_Hitorigoto,"Oct 22, 2023",24 eps,22 min ,"['Drama', 'Mystery']",,"Maomao, an apothecary's daughter, has been plucked from her peaceful life and sold to the lowest echelons of the imperial court. Now merely a maid, Maomao settles into her new mundane life and hides her extensive knowledge of medicine in order to avoid any unwanted attention.

Not long after Maomao's arrival, the emperor's infant children inexplicably begin to experience grave symptoms—almost as if a curse has been cast. The curious Maomao easily solves the mystery and, to remain out of the limelight, attempts to leave an anonymous tip. Unfortunately, the dashing and perceptive eunuch Jinshi sees through it and manages to single her out.

In recognition of her talent, Maomao is promoted to lady-in-waiting for the emperor's favorite concubine, Gyokuyou. As Maomao continues to remedy the numerous ailments afflicting the imperial court, her pharmaceutical expertise quickly proves indispensable.

[Written by MAL Rewrite]",OLM,Light novel,TV
Meitantei Conan,https://myanimelist.net/anime/235/Meitantei_Conan,"Jan 8, 1996",? eps,24 min ,"['Adventure', 'Comedy', 'Mystery']",,"Shinichi Kudou, a high school student of astounding talent in detective work, is well known for having solved several challenging cases. One day, when Shinichi spots two suspicious men and decides to follow them, he inadvertently becomes witness to a disturbing illegal activity. Unfortunately, he is caught in the act, so the men dose him with an experimental drug formulated by their criminal organization, leaving him to his death. However, to his own astonishment, Shinichi lives to see another day, but now in the body of a seven-year-old child.

Perfectly preserving his original intelligence, he hides his real identity from everyone, including his childhood friend Ran Mouri and her father, private detective Kogorou Mouri. To this end, he takes on the alias of Conan Edogawa, inspired by the mystery writers Arthur Conan Doyle and Ranpo Edogawa.

Shinichi, as Conan, starts secretly solving the senior Mouri's cases from behind the scenes with his still exceptional sleuthing skills, while covertly investigating the organization responsible for his current state, hoping to reverse the drug's effects someday.

[Written by MAL Rewrite]",TMS Entertainment,Manga,TV
"Shangri-La Frontier: Kusoge Hunter, Kamige ni Idoman to su",https://myanimelist.net/anime/52347/Shangri-La_Frontier__Kusoge_Hunter_Kamige_ni_Idoman_to_su,"Oct 1, 2023",25 eps,25 min ,"['Action', 'Adventure', 'Fantasy']",,"High school student Rakurou Hizutome has a peculiar hobby of playing poorly made games—ones that are unbalanced or are filled with so many bugs that make them borderline unplayable. The few who share his hobby might recognize him by his in-game name, Sunraku. For his next game, Rakurou is recommended Shangri-La Frontier, a popular and well-received virtual reality game as a breather from the terrible games he has been playing recently.

Once he boots up the game, Rakurou decides to sell off most of his starting gear to gain extra money, leaving himself with only a pair of boxers, a bird mask, and some weapons. He is instantly hooked as he meticulously levels up his avatar. However, after encountering some intimidating monsters, he realizes that he may have underestimated the challenge that a mainstream game can offer. As Rakurou progresses, he must draw on all the skills he has perfected from his previous gaming experience. Before long, Sunraku's eccentric playstyle takes Shangri-La Frontier by storm.

[Written by MAL Rewrite]",C2C,Manga,TV
Undead Unluck,https://myanimelist.net/anime/52741/Undead_Unluck,"Oct 7, 2023",24 eps,23 min ,"['Action', 'Comedy']",,"With the conclusion of her favorite romance manga, Fuuko Izumo is ready to end her life of misery and loneliness having long accepted her fate of never being able to experience passionate love like fictional characters. Cursed with ""unluck,"" anyone Fuuko touches is in grave danger of experiencing unimaginable calamity.

While the possibility of imminent danger would have most sane people run in the opposite direction, Undead has other ideas. He is an immortal being with superhuman regenerative powers desperately seeking death, which has always eluded him. When their paths finally cross, Undead sees an opportunity to finally end his suffering by using Fuuko's unluck.

But before Undead can unlock the full potential of Fuuko's power to trigger the final devastating blow, the duo must first fend off a murderous secret organization hell-bent on exterminating those with special abilities.

[Written by MAL Rewrite]",David Production,Manga,TV
Ragna Crimson,https://myanimelist.net/anime/51297/Ragna_Crimson,"Oct 1, 2023",24 eps,24 min ,"['Action', 'Fantasy']",,"Said to be humanity's natural enemy, formidable dragons that belong to an ancient bloodline roam the world. Only two ways prove effective to kill a dragon: freezing their blood with silverine—an aura that comes from silver weapons—or letting their bodies be incinerated by sunlight.

Young hunter prodigy Leonica is accompanied by her close friend Ragna, who appears to lack the skills necessary in their profession. Moreover, many shun Ragna, considering him cursed because dragons always seem to attack him and slaughter his close ones. Nevertheless, Leonica sees potential in Ragna and gladly partners up with him. Likewise, Ragna feels certain that Leonica is immune to his misfortune thanks to her incredible strength.

His confidence is shaken, however, when Ragna dreams of Leonica's death, believing this to be a prophecy. As the destined day arrives, he comes face-to-face with his future self, who bestows him enormous power and memories from the future to ensure Leonica's safety. In order to succeed, Ragna must join forces with a mysterious figure known as Crimson and eradicate all dragons for good.

[Written by MAL Rewrite]",SILVER LINK.,Manga,TV
Crayon Shin-chan,https://myanimelist.net/anime/966/Crayon_Shin-chan,"Apr 13, 1992",? eps,21 min ,"['Comedy', 'Ecchi']",,"There is no such thing as an uneventful day in the life of kindergartener Shinnosuke ""Shin-chan"" Nohara. The five-year-old is a cut above the most troublesome, perverted, and shameless kid one can imagine. Shin-chan is almost always engaged in questionable activities such as forgetting about a friend during hide and seek, sumo wrestling for love, performing various gags including the notorious ""elephant"" in public, and flirting with college girls. The exemplary troublemaker has done it all and has no plans to stop anytime soon.

Crayon Shin-chan follows the daily shenanigans of Shin-chan with his group of friends, parading around as the self-proclaimed ""Kasukabe Defense Force."" The adults witnessing these shenanigans unfold can't help but adore Shin-chan, as he keeps them entertained while unintentionally solving their daily troubles through his mindless antics—leaving himself as the only problem they do not know what to do with.

[Written by MAL Rewrite]",Shin-Ei Animation,Manga,TV
Nanatsu no Taizai: Mokushiroku no Yonkishi,https://myanimelist.net/anime/51794/Nanatsu_no_Taizai__Mokushiroku_no_Yonkishi,"Oct 8, 2023",24 eps,23 min ,"['Action', 'Adventure', 'Fantasy']",,"Percival has always lived with his grandfather on God's Finger, a remote haven that sits high above the clouds. And though he loves the simple life, he secretly longs for adventure. But Percival's life is changed forever when an intruder—who shares a shocking connection with him—tears away everything he's ever known.

With nothing left to do but chase down the one who took everything from him, Percival sets out on his own. During his journey, the sheltered boy discovers that there are a lot of things he doesn't know about normal life. Luckily, he meets friends along the way who can help him get by—but how will they react when they find out about Percival's destiny... and how it's connected to the end of the world?

(Source: Kodansha USA)",Telecom Animation Film,Manga,TV
Buta no Liver wa Kanetsu Shiro,https://myanimelist.net/anime/50583/Buta_no_Liver_wa_Kanetsu_Shiro,"Oct 8, 2023",12 eps,24 min ,"['Adventure', 'Fantasy']",,"An arrogant scientist awakens in the middle of a muddy pigpen, and the last thing he remembers is eating a raw pig liver and collapsing in the subway. He quickly gathers that he has turned into a pig and is now in a strange fantasy land. As he struggles to grasp reality, a young girl named Jess comes to his aid. Jess happens to be a Yesma—a discriminated class of servants distinguished by their telepathic abilities and the silver collars around their necks. Despite his inappropriate thoughts about her, Jess makes sacrifices for his sake, and the pig resolves to repay her the best he can within the limits of his new body.

But Jess' generosity does not absolve her from the prejudice the Yesmas face daily, and the pig begins to suspect that Jess is in greater danger than she thinks. While he wants to visit the royal capital and beg the king to change him back into a human, the pig realizes that he cannot simply turn his back on his kind savior.

[Written by MAL Rewrite]",Project No.9,Light novel,TV
Megumi no Daigo: Kyuukoku no Orange,https://myanimelist.net/anime/53848/Megumi_no_Daigo__Kyuukoku_no_Orange,"Sep 30, 2023",23 eps,23 min ,"['Action', 'Drama']",,"In Tokyo Fire Department's Fire Academy, a talented new rookie is excelling in the strict and grueling rescue training. With high proficiency in both physical and mental categories, Daigo Toake is envied by one of his peers, Shun Onoda. Despite feeling a growing sense of rivalry, Shun recognizes that a part of his jealousy stems from his admiration for Daigo, and that they will eventually work together for the same noble goal of rescuing people.

At the same time, Yuki Nakamura is the only woman among the current batch of recruits. She believes that she will not be outclassed in this male-dominated profession. As the fates of the three newbies intertwine, they may soon realize that the intensity of a real disaster is nowhere near what they have experienced in training. Even so, the heroes in orange will always shine brighter than any fire, saving those in need.

[Written by MAL Rewrite]",Brain's Base,Manga,TV
Captain Tsubasa Season 2: Junior Youth-hen,https://myanimelist.net/anime/54803/Captain_Tsubasa_Season_2__Junior_Youth-hen,"Oct 1, 2023",39 eps,22 min ,['Sports'],,"The International Junior Youth Tournament in Paris, France, is about to begin, and Tsubasa, Misaki, Wakabayashi, Hyuga, and Wakashimazu are ready. Japan’s team of elite players is to face off against the best the soccer world has to offer. Germany’s Schneider, France’s Pierre, Argentina’s Diaz, and Italy’s Hernandez await, along with a host of other new rivals. Let the battle begin!

(Source: VIZ Media)
",Studio Kai,Manga,TV
Sazae-san,https://myanimelist.net/anime/2406/Sazae-san,"Oct 5, 1969",? eps,24 min ,"['Comedy', 'Slice of Life']",,"The main character is a mother named Sazae-san. She lives in a house with her husband, her kids and her parents. The show is the ultimate family program and tends to follow traditional themes. Think of this show as the Japanese equivalent to ""The Partridge Family"" and you'll get a good feel for this show's atmosphere. Don't expect to see things like violence, swearing, kung-fu action or magical girls. The plots are more like ""Today, Sazae-san goes to the new mall and gets lost"". Such ""boring"" plotlines and the simplistic art are often a turn-off to non-Japanese audiences, but most Japanese find the show incredibly good. As a result, it continues to be one of the top ratings grabbers on TV and is one of the few anime that is considered ""acceptable"" by adults. 

(Source: AniDB)",Eiken,4-koma manga,TV
Dog Signal,https://myanimelist.net/anime/54294/Dog_Signal,"Oct 22, 2023",20 eps,25 min ,['Slice of Life'],,"After his girlfriend Yuuko breaks up with him, Miyu Samura's luck is at an all-time low. But one day several months later, she reappears and gives Miyu a toy poodle she supposedly cannot take care of. Miyu's knowledge of dogs is nonexistent, and the puppy's rowdiness leaves him in danger of being evicted from his own home. 

When Miyu decides to take the puppy on a walk, he has a chance encounter with professional dog trainer Shinichirou Niwa and Niwa's well-behaved standard poodle Ourson. In just a matter of minutes, Niwa not only corrects the attitude of Miyu's dog, but also gives Miyu himself stern advice on how to treat his pet properly. Amazed by Niwa's techniques, Miyu decides to quit his job in order to become the trainer's assistant; however, Niwa is not as skillful in dealing with humans as he is with their canine companions. Even so, Miyu refuses to give up on Niwa and his failing business.

[Written by MAL Rewrite]",Fugaku,Manga,TV
Chibi Maruko-chan (1995),https://myanimelist.net/anime/6149/Chibi_Maruko-chan_1995,"Jan 8, 1995",? eps,23 min ,['Comedy'],,"Momoko Sakura is an elementary school student who likes popular idol Momoe Yamaguchi and mangas. She is often called ""Chibi Maruko-chan"" due to her young age and small size. She lives together with her parents, her grandparents and her elder sister in a little town. In school, she has many friends with whom she studies and plays together everyday, including her close pal, Tama-chan; the student committee members, Maruo-kun and Migiwa-san; and the B-class trio: 'little master' Hanawa-kun, Hamaji-Bu Taro and Sekiguchi-kun. This is a fun-loving and enjoyable anime that portrays the simple things in life.

(Source: ANN)",Nippon Animation,Manga,TV
Yu☆Gi☆Oh! Go Rush!!,https://myanimelist.net/anime/50607/Yu☆Gi☆Oh_Go_Rush,"Apr 3, 2022",? eps,24 min ,"['Action', 'Fantasy']",,"After inheriting the company from their parents, siblings Yuuhi and Yuamu Oudou have started to work at Ultraterrestrial Trouble Solutions, an organization that hunts aliens. Although they have never encountered aliens before, Yuuhi is desperate to meet one as he believes that an alien has stolen his important item called the ""Earthdamar.""

One day, while searching for extraterrestrial creatures, Yuuhi and Yuamu find a strange spot in the forest where many trees have fallen, forming a scenery similar to a crop circle. As they venture further, they discover a mysterious spaceship and enter it out of curiosity. To their surprise, they come across Yudias Velgear, an alien from the Velgear Star Cluster. As it turns out, Yudias is seeking to learn about Rush Duel—a card game popular among elementary school students—as he believes that it will save his home from a long war.

With the siblings agreeing to teach Yudias about Rush Duel, they eventually realize that their first contact with an alien may not be a random coincidence.

[Written by MAL Rewrite]
",Bridge,Card game,TV
Tousouchuu: Great Mission,https://myanimelist.net/anime/54040/Tousouchuu__Great_Mission,"Apr 2, 2023",? eps,23 min ,"['Sci-Fi', 'Suspense']",,"Due to Earth's increasing climate crisis, humanity has developed futuristic technology to migrate to the Moon. Tomura Sawyer works as a courier in the higher areas, saving money for his little brother, Haru, who suffers from Smoky Moon Disease - a sickness produced by the smoke and polution from the lower areas. The two siblings dream of moving to the higher, cleaner areas to treat this disease.

Tomura takes a gamble to do the impossible: to participate in the TV program ""Run for Money"" and to win against all the other contestants even if he doesn't have the Chrono Bracelet required for it. A producer of said program by the name of Harvest seems to take an interest in Tomura's determination to participate, so she gifts him the Bracelet and allows him to participate. In this glorified game of Tag, Tomura Sawyer must last longer than anyone else without being touched by the enemies in this game — the Hunters.",Toei Animation,Other,TV
Chiikawa,https://myanimelist.net/anime/50250/Chiikawa,"Apr 4, 2022",? eps,1 min ,['Comedy'],,"What's a Chiikawa? No one really knows, but everyone can see they're small, they're cute, and they're always having a fun time! Join them as they explore their surreal world with the sharp humor and clever antics that make the Chiikawa irresistible.

(Source: HIDIVE, edited)",Doga Kobo,Web manga,TV
Bonobono (TV 2016),https://myanimelist.net/anime/32353/Bonobono_TV_2016,"Apr 2, 2016",? eps,5 min ,"['Comedy', 'Slice of Life']",,"Based on the original comic BONO BONO by Mikio Igarashi that has seen over 9,000,000 total copies printed, this is the definitive animated version of the emotionally soothing character-driven series that will make you ask yourself the philosophical question, ""What are living things?"" while laughing at heartwarming gags and being entertained by the interactions of amusing forest friends Bonobono the young sea otter, Chipmunk, Fishing Cat, and more.

Enjoy the easygoing days and minor misadventures of Bonobono and his friends!

(Source: Fuji Creative)",Eiken,4-koma manga,TV
Ninjala (TV),https://myanimelist.net/anime/50418/Ninjala_TV,"Jan 8, 2022",? eps,23 min ,['Action'],,"The year is 20XX. The ninja, who once forged the history of Japan, were scattered across the country during the Meiji Restoration. As these ninja mingled with the other clans, their bloodline thinned, and they gradually faded from sight. The descendants of these ninja clans, seeking to preserve their heritage, formed the WNA (World Ninja Association) in the hope of carrying on their legacy.

And so it was that the WNA succeeded in developing Ninja-Gum, an art which could summon forth the strength of the Shinobi. And yet creating the most powerful Ninja-Gum requires the strongest of ninja DNA. So it was that the Ninjala Tournament was held, that the mightiest of all ninjas could be found... 

(Source: Official Game website)",OLM,Game,TV
Shikaru Neko,https://myanimelist.net/anime/48442/Shikaru_Neko,"Mar 22, 2021",? eps,0 min ,['Slice of Life'],,(No synopsis yet.),,Manga,TV
Kamiusagi Rope: Warau Asa ni wa Fukuraitaru tte Maji ssuka!?,https://myanimelist.net/anime/30151/Kamiusagi_Rope__Warau_Asa_ni_wa_Fukuraitaru_tte_Maji_ssuka,"Nov 16, 2012",? eps,2 min ,"['Comedy', 'Slice of Life']",,"Fourth season of Kamiusagi Rope, events occur after the feature film. Airs on Mezamashi TV instead of the theaters.",,Original,TV
Shiawase Haitatsu Taneko,https://myanimelist.net/anime/10506/Shiawase_Haitatsu_Taneko,"Mar 26, 2011",? eps,0 min ,['Comedy'],,"The story centers around a cat who answers people's wishes and delivers happiness. (""Tane"" and ""neko"" are the Japanese words for ""seed"" and ""cat,"" respectively.)

(Source: ANN)",Kachidoki Studio,Original,TV
Manul no Yuube,https://myanimelist.net/anime/38776/Manul_no_Yuube,"Nov 11, 2018",? eps,1 min ,['Slice of Life'],,"Within the nature ""Darwin Kita! Kikimono Shin Densetsu"" program on NHK1.5 airs the short Manul no Yuube, based on a web manga/comic of the same name. It following animal characters who visit the bar Manul no Yuube. The bar is run by the Mama who is a Pallas's cat (Otocolobus manul) and serviced by the hostess Tsunomin who is a Brazilian treehopper (Bocydium globulare).",,Web manga,TV
Saekomdalkom Catch! Tiniping,https://myanimelist.net/anime/56677/Saekomdalkom_Catch_Tiniping,"Sep 27, 2023",26 eps,11 min ,['Fantasy'],,"Puffping stole the Magic Sugar Ball! This has created a strange magical phenomenon where all the Dessert Teeniepings get sucked into a mirror which releases them on Earth for Romi to catch! Along with the Royal Dessert Teeniepings, Jellyping, Shashaping, and Fluffyping, Romi will have to accomplish her mission as fast as possible, otherwise, the Cake Castle will inevitably collapse!

(Source: Catch Teenieping Wiki)",SAMG Entertainment ,Original,TV
Chickip Dancers 3rd Season,https://myanimelist.net/anime/56504/Chickip_Dancers_3rd_Season,"Sep 25, 2023",26 eps,5 min ,['Slice of Life'],,The third season of Chickip Dancers.,Fanworks,Original,TV
Shin Nippon History,https://myanimelist.net/anime/54871/Shin_Nippon_History,"Jan 6, 2020",? eps,23 min ,['Comedy'],,(No synopsis yet.),,Original,TV
Shuwawan!,https://myanimelist.net/anime/57357/Shuwawan,"Mar 22, 2023",? eps,5 min ,['Slice of Life'],,"Shuwawan! chronicles the family life of real-life photographer and essayist Harumichi Saitou. Saitou and his wife are both deaf, his children are both hearing, and the family communicates in sign language. The anime draws on Saitou's own Ikuji Manga Nikki (Child-rearing Manga Diary) work.

(Source: ANN)",KOO-KI,Original,TV
Youkoso Ninchishou Sekai e,https://myanimelist.net/anime/58604/Youkoso_Ninchishou_Sekai_e,"Aug 14, 2022",? eps,5 min ,"['Adventure', 'Slice of Life']",,"Travel through the words of people with dementia by seeing how they experience the everyday and problems they face.

(Source: Official site, translated)",,Original,TV
Monsters: Ippyaku Sanjou Hiryuu Jigoku,https://myanimelist.net/anime/56055/Monsters__Ippyaku_Sanjou_Hiryuu_Jigoku,"Jan 22, 2024",1 ep,25 min ,['Fantasy'],,"A samurai's path leads him to a young waitress whose hometown was destroyed by a dragon. He doesn't want any trouble, but it finds them anyway.

(Source: Netflix)",E&H Production,Manga,ONA
Great Pretender: Razbliuto,https://myanimelist.net/anime/57184/Great_Pretender__Razbliuto,"Feb 23, 2024",4 eps,22 min ,"['Action', 'Adventure', 'Mystery']",,"Presumed dead, master con artist and recovering amnesiac Dorothy is discovered by Shanghai Longu-bang, a mob who wants payback for her conning them. With no memories and nowhere to go, she must rely on a local crime underboss to elude Taipei’s criminal underworld all while tracking down leads to her mysterious past.

(Source: Crunchyroll)",Wit Studio,Original,ONA
Sand Land: The Series,https://myanimelist.net/anime/57160/Sand_Land__The_Series,"Mar 20, 2024",13 eps,24 min ,"['Action', 'Adventure', 'Fantasy']",,"In the far future, war has destroyed the entire Earth, leaving only a barren wasteland where the supply of water is controlled by the greedy king. In search of a long-lost lake, Sheriff Rao asked the king of the demons for help...and got the king's son, Beelzebub, and his assistant, Thief. Together the unlikely trio sets off across the desert, facing dragons, bandits and the deadliest foe of all... the King's army itself! 

(Source: Viz Media)",Anima,Manga,ONA
Sousou no Frieren: ●● no Mahou,https://myanimelist.net/anime/56885/Sousou_no_Frieren__●●_no_Mahou,"Oct 11, 2023",12 eps,1 min ,"['Comedy', 'Fantasy']",,"Frieren loves collecting peculiar spells, and her ever-growing arsenal of magic contains the perfect spells for many occasions. Whether it be by stealthily removing alcohol from Heiter's drinks or by remedying her own sleep issues, Frieren is sure to brighten her companions' days with her magic.

[Written by MAL Rewrite]",TOHO animation STUDIO,Manga,ONA
Aishang Ta de Liyou Extra,https://myanimelist.net/anime/58143/Aishang_Ta_de_Liyou_Extra,"Feb 13, 2024",1 ep,10 min ,['Romance'],,(No synopsis yet.),Red Dog Culture House,Web manga,ONA
Kui Cheng Shoufu Cong Youxi Kaishi,https://myanimelist.net/anime/57663/Kui_Cheng_Shoufu_Cong_Youxi_Kaishi,"Feb 3, 2024",16 eps,19 min ,"['Comedy', 'Fantasy']",,"Pei Qian, an ordinary migrant worker, was accidentally bound to the wealth conversion system, which gave him a good opportunity to spend money in business and start his life over again. However, the system stipulates that you can only earn one yuan if you make a profit of 100 yuan, but all the money you lose can go into your own pocket. In order to lose money, Pei Qian chose the high-risk, money-burning game industry, and deliberately produced ""alternative"" games that went against the rules of the market. However, he unexpectedly became popular time and time again, earning a lot of money, and painfully became Pei Qian is the ""business wizard"" admired by everyone, but only Pei Qian understands that I really just want to lose money...

(Source: Bilibili, Google translated)",Foch Film,Web novel,ONA
Xian Ni,https://myanimelist.net/anime/55809/Xian_Ni,"Sep 25, 2023",76 eps,25 min ,"['Action', 'Adventure', 'Fantasy']",,"Wang Lin is a very smart boy with loving parents. Although he and his parents are shunned by the rest of their relatives, his parents have always held high hopes that he will one day achieve greatness. One day, Wang Lin suddenly gained the chance to walk the path of an immortal but found that he only had mediocre talent at best. Watch Wang Lin as he breaks through his lack of talent and walks the path towards becoming a real immortal!

(Source: Xian Ni Wiki)",BUILD DREAM,Novel,ONA
Yubisaki to Renren Mini Anime,https://myanimelist.net/anime/57782/Yubisaki_to_Renren_Mini_Anime,"Jan 7, 2024",12 eps,1 min ,['Comedy'],,(No synopsis yet.),AQUA ARIS,Manga,ONA
Ojamajo Carnival!!,https://myanimelist.net/anime/58535/Ojamajo_Carnival,"Mar 23, 2024",1 ep,1 min ,[],,Ojamajo Carnival!! commemorates the 25th anniversary of Ojamajo Doremi.,Toei Animation,Original,ONA
Wu Nao Monu 2nd Season,https://myanimelist.net/anime/57575/Wu_Nao_Monu_2nd_Season,"Jan 2, 2024",15 eps,8 min ,"['Drama', 'Fantasy']",,"The suddenly awakening ghost power leads to a conflict between Alois and the five ghosts that have been lingering in Agate's house. It turns out that these ghosts were all Agate's friends before death. The two sides have a negotiation at Agate's family graveyard. Alois wants all ghosts to go to the Hell Valley for reincarnation, but all ghosts want to find out the cause of Agate's suffering. In order not to hurt Agate any more, all ghosts decide to leave. They share their memories with Alois before leaving, hoping that he could find some clues. After seeing the memories of a woman called A Zhu, another child called Lv collapses, and Alois feels very weak and also the urgency.

(Source: Bilibili Youtube)",CUKA,Web manga,ONA
Yi Ren Zhi Xia: Xiu Tie Chong Xian,https://myanimelist.net/anime/58056/Yi_Ren_Zhi_Xia__Xiu_Tie_Chong_Xian,"Feb 15, 2024",1 ep,70 min ,"['Action', 'Supernatural']",,(No synopsis yet.),,Manga,ONA
Bai Yao Pu 4th Season,https://myanimelist.net/anime/57995/Bai_Yao_Pu_4th_Season,"Feb 23, 2024",12 eps,23 min ,"['Adventure', 'Fantasy', 'Mystery', 'Supernatural']",,Fourth season of Bai Yao Pu.,CMC Media,Novel,ONA
Zhu Xian 2nd Season,https://myanimelist.net/anime/58509/Zhu_Xian_2nd_Season,"Mar 30, 2024",26 eps,20 min ,"['Action', 'Adventure', 'Fantasy']",,The second season of Zhu Xian.,Cloud Art,Web novel,ONA
Ensemble Stars!! Tsuioku Selection Checkmate,https://myanimelist.net/anime/56746/Ensemble_Stars_Tsuioku_Selection_Checkmate,"Mar 10, 2024",6 eps,11 min ,[],,"New Ensemble Stars!! web animated series based on the game story ""Checkmate"".",DandeLion Animation Studio,Game,ONA
Hanhua Riji 4th Season,https://myanimelist.net/anime/53449/Hanhua_Riji_4th_Season,"Mar 10, 2024",12 eps,13 min ,"['Comedy', 'Supernatural']",,Fourth season of Hanhua Riji.,L²Studio,Original,ONA
Xian Wu Chuan 2nd Season,https://myanimelist.net/anime/56717/Xian_Wu_Chuan_2nd_Season,"Sep 24, 2023",156 eps,17 min ,"['Action', 'Adventure', 'Fantasy']",,"Ye Chen, the outcast disciple, is banished from the sect and becomes homeless. Through a series of coincidences, he receives a True Flame and once again steps on the path of cultivation. This is a world where demons and deities co-exist and an era where all realms in the world are overrun by chaos. Ye Chen's journey to defying heaven begins, and after going through all kinds of trials and tribulations, he finally reaches the pinnacle of cultivation.

(Source: Youku)",Xiaoming Taiji,Web novel,ONA
Shixiong A Shixiong 2nd Season,https://myanimelist.net/anime/57442/Shixiong_A_Shixiong_2nd_Season,"Dec 14, 2023",78 eps,21 min ,"['Action', 'Adventure', 'Fantasy']",,The second season of Shixiong A Shixiong.,Sparkly Key Animation Studio,Web novel,ONA
Lutu Weiji! Sheng Freya Hao Tebie Shijian,https://myanimelist.net/anime/58079/Lutu_Weiji_Sheng_Freya_Hao_Tebie_Shijian,"Feb 9, 2024",1 ep,36 min ,"['Comedy', 'Mystery', 'Sci-Fi']",,"This is the much-anticipated perfect vacation for everyone.
On the luxurious spaceship, St. Freya, heading towards the moon, we believed we could enjoy this rare and relaxing journey to the fullest — or so we thought.

Mysterious shadows, sudden weightlessness, disappearing items, glaringly faulty alibi...
Is the culprit among us?

(Source: Official Twitter account)",HuaMei Animation,Game,ONA
Uji ni wa Monogatari ga Aru,https://myanimelist.net/anime/58333/Uji_ni_wa_Monogatari_ga_Aru,"Mar 9, 2024",1 ep,6 min ,[],,"The protagonist visits Uji and tours the town, which has been shaped by the accumulation of history and culture from various eras, including the Heian period.

(Source: Official Site)",Kyoto Animation,Original,ONA
Ephemere,https://myanimelist.net/anime/58321/Ephemere,"Mar 22, 2024",1 ep,10 min ,['Sci-Fi'],,"Uta, who works and lives in a hotel on Uranus, has always thought that she is different from other people. Whenever she has free time, she sits in front of her computer making things she likes and enjoys herself alone, or goes to cafes alone. One day, she receives a ""Future Ticket"" - the key to a new life. Despite this, Uta continues to live her life as she always has. However, as the ""Star Festival"", a festival to commemorate the closest point between Uranus and Neptune, approaches, she meets Paula, a popular influencer from Neptune whom she admires. After becoming close to her, Uta makes a major decision about her life.

(Source: Official site, translated)",Noovo,Original,ONA
Wangzhe Rongyao: Rongyao Zhi Zhang,https://myanimelist.net/anime/57699/Wangzhe_Rongyao__Rongyao_Zhi_Zhang,"Jan 13, 2024",4 eps,26 min ,"['Action', 'Adventure', 'Fantasy']",,(No synopsis yet.),Cloud Art,Game,ONA
Wangu Kuang Di,https://myanimelist.net/anime/57613/Wangu_Kuang_Di,"Jan 1, 2024",20 eps,16 min ,"['Action', 'Adventure', 'Fantasy']",,"Chu Kuangsheng, son of Patriarch Chu in the remote Shiyang town in Shenlong Empire, was born weak and unable to train. Due to his cultivation impairment, he is the laughingstock of the entire town. Three years ago, his parents go missing while on official duty. His talented and beautiful sister, Chu Liu'er, is the apparent successor to head the Chu family but she suffers a strange illness. Since then, Chu Kuangsheng's situation gets increasingly difficult. During an ambush, the injured Chu Kuangsheng inherits the ancestral technique of Chu family, rebuilding his damaged meridians. From then on, Chu Kuangsheng's training progresses rapidly. 

Despite appearing weak and incompetent on the surface, he has another identity — the renowned Kuangzun in the martial world. Chu Kuangsheng discovers the collusion of the Chu clan leader with outsiders may be related to his parents' disappearance. He uses his hidden identity of Kuangzun to secretly make connections with heroes, accumulating strength and gathering information. With one face and two identities, he eliminates the corrupt individuals in the Chu clan, He then leaves the small town for Siling Academy to train while he investigates and traces the clues to his parents' disappearance. 

Wielding his sword, cutting off the past and battling against heroes in the vast universe, Chu Kuangsheng's name resonates across myriad domains — he becomes the master.

[Written by AnastasiaWun]",Ruo Hong Culture,Original,ONA
Yishi Zhi Zun,https://myanimelist.net/anime/57512/Yishi_Zhi_Zun,"Feb 18, 2024",16 eps,18 min ,"['Action', 'Adventure', 'Fantasy']",,"Meng Qi, a time-traveler who wants to be a dashing swordsman in white, fails in endless extreme missions in the 'reincarnation space'. The wind suddenly changed and he became the world-famous ""Thunder Sword Mad Monk"". However, all of this turned out to be the treacherous plan of the ancient power. Let’s look at the invincible and funny little monk who is happy in the world and proud of the three worlds.

(Source: bilibili)",,Web novel,ONA
Taigu Xing Shen Jue,https://myanimelist.net/anime/57865/Taigu_Xing_Shen_Jue,"Jan 25, 2024",40 eps,10 min ,"['Action', 'Adventure', 'Fantasy']",,"Chen Xing is the young master of the Chen family in Dongyang City. Both his parents died. He could have succeeded him as the head of the family when he came of age, but was plotted and plotted by the ambitious acting head of the family, Chen Sheng, to occupy the magpie nest. 

Who would have thought that Chen Xing would survive the catastrophe, accidentally obtain the long-lost supreme skill ""The Ancient Star God Art"", and learn some of the moves, come back strong, expose Chen Sheng's ugly face, and imprison him. The matter was put aside for the time being. Chen Xing took precautions and carefully studied the ""Ancient Star God Technique"" to collect the star beasts needed for the technique and grow rapidly. 

During this period, Chen Xing rescued Mu Qinglan, the daughter of the palace lord of Xuanyang Palace, because of a star beast, and on her advice, she went through all kinds of hardships to enter Xuanyang Palace. However, as soon as he started, Chen Xing had constant disputes with Jian Feikong, the son of the deputy sect leader.

(Source: Youku, translated)",Ruo Hong Culture,Web novel,ONA
Da Yuzhou Shidai,https://myanimelist.net/anime/57629/Da_Yuzhou_Shidai,"Jan 22, 2024",12 eps,22 min ,"['Action', 'Sci-Fi']",,(No synopsis yet.),Foch Film,Web novel,ONA
Aru Hi no Gogo,https://myanimelist.net/anime/57889/Aru_Hi_no_Gogo,"Jan 19, 2024",1 ep,1 min ,['Comedy'],,Short animation shown during the 2nd year anniversary stream for NEEDY GIRL OVERDOSE.,Yostar Pictures,Game,ONA
Dubu Wangu 2nd Season,https://myanimelist.net/anime/58057/Dubu_Wangu_2nd_Season,"Feb 9, 2024",156 eps,11 min ,"['Action', 'Adventure', 'Fantasy']",,(No synopsis yet.),Suoyi Technology,Web novel,ONA
Bu Xing Si: Yuan Qi,https://myanimelist.net/anime/55732/Bu_Xing_Si__Yuan_Qi,"Feb 29, 2024",18 eps,20 min ,"['Action', 'Adventure', 'Fantasy']",,(No synopsis yet.),,Web novel,ONA
Yi Ren Jun Moye,https://myanimelist.net/anime/57656/Yi_Ren_Jun_Moye,"Jan 24, 2024",12 eps,24 min ,"['Action', 'Adventure', 'Comedy', 'Fantasy']",,(No synopsis yet.),DC Impression Vision,Novel,ONA
Pop Pop City,https://myanimelist.net/anime/58318/Pop_Pop_City,"Mar 22, 2024",1 ep,10 min ,"['Drama', 'Sci-Fi']",,"The night of a family birthday party. The mother is tired from work and wants to drink a beer as soon as possible. The father is fidgety and keeps an eye on the clock. A little girl is excited about the sumptuous meal and runs around the house. The intercom rings. There, a ""new family member"" is standing there...

(Source: Official site, translated)",Graphinica,Original,ONA
Sheng Zu,https://myanimelist.net/anime/57877/Sheng_Zu,"Jan 23, 2024",26 eps,14 min ,"['Action', 'Adventure', 'Fantasy']",,"Young Luo Lie was accidentally selected to be summoned to the other world to live in the identity of others. The large and small forces in the other world are divided, and there are hidden killing opportunities everywhere. The homesick Luo Lie relied on his tenacious character and mysterious ability acquired when he wore his soul to overcome many difficulties in the treacherous situation, break through his own limits, and make a name for himself. However, the dangerous predicament, treacherous and cunning tricks are pressing on him step by step, with the help of his childhood sweetheart, Luo Lie, who has no intention of becoming a hero, unexpectedly embarked on a heroic road, what awaits him in front of him is the abyss of no return, or the light that clears the clouds and sees the sun?",Transcendence Picture,Web novel,ONA
Guonian Zhe Lianmeng: Xun Long Ji,https://myanimelist.net/anime/58086/Guonian_Zhe_Lianmeng__Xun_Long_Ji,"Feb 9, 2024",1 ep,4 min ,"['Comedy', 'Fantasy']",,(No synopsis yet.),Sparkly Key Animation Studio,Other,ONA
Lili Kurong,https://myanimelist.net/anime/57996/Lili_Kurong,"Jan 28, 2024",1 ep,1 min ,['Fantasy'],,A short film directed by Yakumo Crack for the Arknights 2024 Spring Festival Gala.,Gear Studio,Game,ONA
Xi Xing Ji: Kuang Wang,https://myanimelist.net/anime/58001/Xi_Xing_Ji__Kuang_Wang,"Feb 28, 2024",9 eps,17 min ,"['Action', 'Adventure', 'Fantasy']",,(No synopsis yet.),BYMENT,Manga,ONA
Yin Shizong Men Zhang Jiao,https://myanimelist.net/anime/58494/Yin_Shizong_Men_Zhang_Jiao,"Mar 23, 2024",52 eps,11 min ,"['Action', 'Adventure', 'Fantasy']",,"Jiang Beichen traveled to a fantasy world and accidentally got the strongest master system, and established the ""Xiandao Sect"". In the early days of the sect, he had to rely on abducting the son of luck to upgrade the sect. Every day, he had to pretend to be a master and bluff a group of talented disciples who admired him. Slowly, Jiang Beichen discovered that his small sect had really become the top hidden sect!

(Source: iQIYI, translated)",,Original,ONA
Shenyi Jiu Xiaojie 2nd Season,https://myanimelist.net/anime/58055/Shenyi_Jiu_Xiaojie_2nd_Season,"Feb 11, 2024",20 eps,10 min ,"['Fantasy', 'Romance']",,(No synopsis yet.),Suoyi Technology,Novel,ONA
Tteotda Keunyeo!! Another Step,https://myanimelist.net/anime/60547/Tteotda_Keunyeo_Another_Step,"Mar 30, 2024",1 ep,12 min ,['Comedy'],,(No synopsis yet.),,Original,ONA
Xiao Lu He Xiao Lan 5th Season,https://myanimelist.net/anime/58325/Xiao_Lu_He_Xiao_Lan_5th_Season,"Mar 13, 2024",12 eps,8 min ,"['Boys Love', 'Comedy', 'Drama', 'Fantasy']",,(No synopsis yet.),,Web manga,ONA
Jian Wang 3: Xia Gan Yi Dan Shen Jianxin 3rd Season Part 2,https://myanimelist.net/anime/53206/Jian_Wang_3__Xia_Gan_Yi_Dan_Shen_Jianxin_3rd_Season_Part_2,"Jan 26, 2024",12 eps,23 min ,"['Action', 'Adventure', 'Comedy']",,(No synopsis yet.),Shengying Animation,Game,ONA
Jian Xian Zai Ci 2nd Season,https://myanimelist.net/anime/57906/Jian_Xian_Zai_Ci_2nd_Season,"Jan 27, 2024",50 eps,11 min ,"['Action', 'Comedy', 'Fantasy']",,(No synopsis yet.),Xing Yi Kai Chen,Web manga,ONA
Holostars★Survival: Oretachi no Kaitaku Seikatsu,https://myanimelist.net/anime/59149/Holostars★Survival__Oretachi_no_Kaitaku_Seikatsu,"Mar 18, 2024",1 ep,2 min ,['Comedy'],,A short following the eccentric and hilarious daily lives of the Holostars VTubers in a survival setting!,Hololive Production,Other,ONA
Shenlong Xing Zhu,https://myanimelist.net/anime/57878/Shenlong_Xing_Zhu,"Jan 20, 2024",48 eps,9 min ,"['Action', 'Fantasy', 'Sci-Fi']",,(No synopsis yet.),Ruo Hong Culture,Web manga,ONA
Xian Yu Ge 2nd Season,https://myanimelist.net/anime/57657/Xian_Yu_Ge_2nd_Season,"Feb 15, 2024",13 eps,23 min ,"['Comedy', 'Fantasy']",,"The carefree Brother Xianyu is still enjoying an ordinary and happy daily life on Yushen Island. The gods from the Nantianmen Group broke the original peace of the island in order to investigate the stolen divine tablets. As unexpected events happened one after another, the mysteries surrounding the ""Fish God"" and ""Seren"" slowly unfolded due to Brother Xianyu's unexpected involvement. Faced with racial differences and worldly prejudices, how will Brother Xianyu use his unique way of doing things to pass this test...

(Source: Bilibili, translated)",717 Animation Studio,Original,ONA
Bai Jia Jue Zhi: Jianghu Gui Shi Lu,https://myanimelist.net/anime/58295/Bai_Jia_Jue_Zhi__Jianghu_Gui_Shi_Lu,"Mar 3, 2024",16 eps,19 min ,"['Action', 'Adventure', 'Sci-Fi']",,"In the future city, science and robots have become necessities in people's lives. The research, development and use of technology maintain a delicate balance between the scientific ethics committee, the technology chaebol, and the third-party security system company Mosh. Wang Xiaoyun, the only son of the Wang Group, was assassinated by an illegal robot while he was out hunting. Everyone in his entourage was spared. The balance of power has been broken, and the undercurrent is surging. 

Bai Wuxie, captain of the 24th Operation Team in charge of public security, found Zhang Bingyi and Shang Weiyang, consultants who are good at mechanical networks, to assist in the investigation. After several on-site investigations, it was discovered that the murderer turned out to be a product of the ""robot oligarchy"" Aibozer Company. 

At the same time, Mosh also encountered a security crisis, and everything seemed to be driven by someone behind the scenes. Zhang Bingyi, Bai Wuxie and Mo Shangshuang from Mosh Company were forced to form a special operations team to find out the truth behind the scenes.

(Source: iQIYI, translated)",,Web novel,ONA
MF Ghost Battle Digest,https://myanimelist.net/anime/59019/MF_Ghost_Battle_Digest,"Mar 19, 2024",1 ep,67 min ,[],,Compilation film re-editing the original MF Ghost into a movie format.,Felix Film,Manga,ONA
Chikomaru Episode 0,https://myanimelist.net/anime/57953/Chikomaru_Episode_0,"Jan 25, 2024",1 ep,1 min ,[],,(No synopsis yet.),Pie in the sky,Web manga,ONA
Wo Kao Chongzhi Dang Wudi 2nd Season,https://myanimelist.net/anime/58068/Wo_Kao_Chongzhi_Dang_Wudi_2nd_Season,"Feb 24, 2024",30 eps,8 min ,"['Action', 'Fantasy']",,Second season of Wo Kao Chongzhi Dang Wudi.,Suoyi Technology,,ONA
Kicks And Punk,https://myanimelist.net/anime/58320/Kicks_And_Punk,"Mar 22, 2024",1 ep,10 min ,['Sci-Fi'],,"""Let's go. In search of treasure""
Nike, a punky outsider girl, runs through the city of the future! In a city where the transportation infrastructure has developed dramatically and walking is no longer necessary, Nike runs alone in her favorite sneakers. Her goal is to get sneakers from the legendary manufacturer ""Dynameros"", which can only be obtained on the black market. As Nike runs despite being chased by a horde of cyber police, a woman appears in front of her. That woman is none other than Sherry, the daughter of the president of ""Fractal Walter"", a major company that created the era. What kind of story will the encounter between these two opposing people produce?

(Source: Official site, translated)",Nippon Animation,Original,ONA
Fei Ren Zai Spring Festival Special,https://myanimelist.net/anime/58048/Fei_Ren_Zai_Spring_Festival_Special,"Feb 2, 2024",1 ep,11 min ,"['Comedy', 'Supernatural']",,(No synopsis yet.),,Manga,ONA
Yun Zhongju San Zi,https://myanimelist.net/anime/57836/Yun_Zhongju_San_Zi,"Jan 17, 2024",26 eps,14 min ,"['Action', 'Fantasy']",,(No synopsis yet.),Escape Velocity Animation,Other,ONA
Bridge: My Little Friends,https://myanimelist.net/anime/58319/Bridge__My_Little_Friends,"Mar 22, 2024",1 ep,9 min ,['Fantasy'],,"""I'll let you meet Shiro. I promise!"" Jin the cat promised Mugi, who was grieving over the loss of his beloved dog Shiro. Jin loves Mugi very much, and after hearing the story of the Rainbow Bridge from his owner Kageyama, he decided to let Mugi meet Shiro at the end of the rainbow! Will Jin be able to save Mugi from her sadness? He invites the pigeons and squirrels from the neighborhood, and now Jin's big plan begins!

(Source: Official site, translated)",Studio GOONEYS,Original,ONA
Dixia Cheng Yu Yongshi: Po Jie Shaonu,https://myanimelist.net/anime/58655/Dixia_Cheng_Yu_Yongshi__Po_Jie_Shaonu,"Jan 18, 2024",12 eps,24 min ,['Fantasy'],,(No synopsis yet.),,,ONA
Huo Shen: Tianqi Zhizi,https://myanimelist.net/anime/57929/Huo_Shen__Tianqi_Zhizi,"Jan 28, 2024",1 ep,67 min ,"['Action', 'Adventure', 'Fantasy']",,(No synopsis yet.),,Original,ONA
Rebirth ChocoReba,https://myanimelist.net/anime/58607/Rebirth_ChocoReba,"Mar 20, 2024",24 eps,0 min ,['Comedy'],,Mini anime released on the official Rebirth YouTube channel.,,Card game,ONA
Dokonjo Gaeru Yanen,https://myanimelist.net/anime/58499/Dokonjo_Gaeru_Yanen,"Feb 22, 2024",25 eps,1 min ,['Comedy'],,(No synopsis yet.),DLE,Other,ONA
Amebas!,https://myanimelist.net/anime/58800/Amebas,"Mar 29, 2024",18 eps,1 min ,"['Comedy', 'Gourmet']",,"Terry and Small are two amoebas who live inside the stomach of Nakamoto, a gluttonous boy. However, Nakamoto is unaware of the existence of microorganisms. Are they good? Bad? Neutral? What he does know is that he loves eating and playing.

(Source: Official site, translated)",Studio Crocodile,Original,ONA
Xuan Di Chuanshuo,https://myanimelist.net/anime/58924/Xuan_Di_Chuanshuo,"Mar 28, 2024",200 eps,7 min ,"['Action', 'Adventure', 'Fantasy']",,(No synopsis yet.),,Novel,ONA
Yuanqi Qi Shi 2,https://myanimelist.net/anime/58559/Yuanqi_Qi_Shi_2,"Jan 18, 2024",12 eps,7 min ,"['Action', 'Adventure', 'Comedy', 'Fantasy']",,(No synopsis yet.),,Game,ONA
Say You to Yoasobi Animation: Ikuda Momo! Sobi-,https://myanimelist.net/anime/58546/Say_You_to_Yoasobi_Animation__Ikuda_Momo_Sobi-,"Mar 11, 2024",8 eps,5 min ,['Comedy'],,"Short animation featuring Say You to Yoasobi Abema show mascot character, and the hosts voicing other characters.",,Other,ONA
Ikkyuumono-san,https://myanimelist.net/anime/58649/Ikkyuumono-san,"Jan 9, 2024",1 ep,1 min ,"['Avant Garde', 'Comedy']",,A collaboration between Ikimono-san and Ikkyuu-san.,Toei Animation,Other,ONA
Holeonaicheu,https://myanimelist.net/anime/60017/Holeonaicheu,"Feb 16, 2024",8 eps,16 min ,"['Horror', 'Supernatural']",,(No synopsis yet.),,Original,ONA
Hoshi X kara no Rakko,https://myanimelist.net/anime/59640/Hoshi_X_kara_no_Rakko,"Mar 27, 2024",? eps,3 min ,"['Comedy', 'Sci-Fi']",,"Currently, there are only three sea otters in Japan. In fact, one of them is an alien who was stranded on Earth and disguised himself to hide. Various marine creatures come to consult with this highly intelligent sea otter-like alien every day.

(Source: YouTube, translated)",Kachidoki Studio,Original,ONA
Watashi no Shiawase na Kekkon: Watashi no Shiawase na Katachi,https://myanimelist.net/anime/55889/Watashi_no_Shiawase_na_Kekkon__Watashi_no_Shiawase_na_Katachi,"Mar 15, 2024",1 ep,23 min ,"['Fantasy', 'Romance']",,Thirteenth episode of Watashi no Shiawase na Kekkon.,Kinema Citrus,Novel,OVA
Hajimete no Futarikkiri Ryokou,https://myanimelist.net/anime/57593/Hajimete_no_Futarikkiri_Ryokou,"Mar 13, 2024",1 ep,4 min ,[],,"A short animation released with the limited edition of the LIPxLIP album ""Umarete Kita Koto ni Kansha Shinasai!""",,Music,OVA
Haikyuu!! Movie: Gomisuteba no Kessen,https://myanimelist.net/anime/52742/Haikyuu_Movie__Gomisuteba_no_Kessen,"Feb 16, 2024",1 ep,84 min ,['Sports'],,"Kenma Kozume has never considered volleyball fun or thrilling: it is merely something he is good at. But now Nekoma High School's volleyball team has qualified for the Spring Nationals and prepares to battle their long-standing rivals—Karasuno. Now, Kenma has to analyze the most confounding and resilient team and lead Nekoma to victory against them. Moreover, he will play against his friend Shouyou Hinata, Karasuno's short but incredibly proficient middle blocker.

Karasuno has never been able to beat Nekoma in practice matches. Even so, despite his usual indifference, Kenma feels a tinge of excitement at the prospect of facing Karasuno in a high-stakes official game with no do-overs. To advance to the semifinals and ultimately restore their team's former glory, Karasuno must find a way to overcome Kenma's brilliant strategy and defeat Nekoma in their own territory.

[Written by MAL Rewrite]",Production I.G,Manga,Movies
Given Movie 2: Hiiragi Mix,https://myanimelist.net/anime/54791/Given_Movie_2__Hiiragi_Mix,"Jan 27, 2024",1 ep,70 min ,"['Boys Love', 'Drama']",,"Hiiragi Kashima and Shizusumi ""Shizu"" Yagi's band ""syh"" is set to debut, but they run into trouble when their support guitarist leaves. Although Hiiragi often clashes with Ritsuka Uenoyama—the smug boyfriend of his childhood friend Mafuyu Satou—Hiiragi convinces him to perform as their temporary member.

Despite their friction, Hiiragi acknowledges Uenoyama's talent and respects his hard work—to the point of asking him to complete an old song that Mafuyu's ex-boyfriend, Yuki Yoshida, left behind. In between writing, recording, and filming a music video, Hiiragi comes to terms with his love for the aloof Shizu and wrestles with how to convey his feelings.

Meanwhile, ""given""—composed of Uenoyama, Mafuyu, and their bandmates Haruki Nakayama and Akihiko Kaji—receives an offer to debut as well. The members are ready and beyond excited, save for Mafuyu, who has never before thought about playing music professionally. As Uenoyama attempts to understand Yuki and replicate his unique sound, Mafuyu steps back to ponder over the looming changes in his life, fearing what the uncertain future may bring.

[Written by MAL Rewrite]",Lerche,Manga,Movies
Dead Dead Demons Dededede Destruction,https://myanimelist.net/anime/51358/Dead_Dead_Demons_Dededede_Destruction,"Mar 22, 2024",2 eps,120 min ,"['Drama', 'Sci-Fi']",,"When you look up at the sky, what do you see? A blue sky? Freedom? A hopeful future? The people of Tokyo see none of these. Instead, an ominous alien mothership looms overhead, engulfing the city skyscape.

Three years ago, they came. The arrival of the ""Invaders"" sparked the greatest war humanity had ever faced—one that threatened to end the world. The Japanese government scrambled to fight the Invaders. Weapons were mass-produced, sparking controversy and pacifist movements.

That day, everything changed. And yet, nothing has changed. Kadode Koyama and Ouran Nakagawa live their final days like they always have: going to school, playing with friends, and doing what any carefree high school girl would do.

As they grow up, they come to learn what it truly means to be an adult, in a world where adults seem to be demons who only deceive and destroy. They come to learn the real threat to humanity is not the Invaders, but humanity itself.

[Written by MAL Rewrite]",Production +h.,Manga,Movies
Kizumonogatari: Koyomi Vamp,https://myanimelist.net/anime/56609/Kizumonogatari__Koyomi_Vamp,"Jan 12, 2024",1 ep,144 min ,"['Action', 'Mystery', 'Supernatural']",,Compilation film of the three Kizumonogatari movies.,Shaft,Light novel,Movies
Oomuro-ke: Dear Sisters,https://myanimelist.net/anime/56175/Oomuro-ke__Dear_Sisters,"Feb 2, 2024",1 ep,43 min ,"['Comedy', 'Girls Love']",,"A spin-off of Yuru Yuri featuring Sakurako and her sisters.
",Passione,Manga,Movies
Paripi Koumei: Road to Summer Sonia,https://myanimelist.net/anime/57369/Paripi_Koumei__Road_to_Summer_Sonia,"Mar 1, 2024",1 ep,119 min ,['Comedy'],,Compilation movie of Paripi Koumei.,P.A. Works,Web manga,Movies
Kidou Senshi Gundam SEED Freedom,https://myanimelist.net/anime/49073/Kidou_Senshi_Gundam_SEED_Freedom,"Jan 26, 2024",1 ep,124 min ,"['Action', 'Drama', 'Sci-Fi']",,"In C.E.75, the fighting still continues.

There are independence movements, and aggression by Blue Cosmos... In order to calm the situation, a global peace monitoring agency called COMPASS is established, with Lacus as its first president. As members of COMPASS, Kira and his comrades intervene into various regional battles. Then a newly established nation called Foundation proposes a joint operation against a Blue Cosmos stronghold.

(Source: sugoi.co)",Sunrise,Original,Movies
Meitantei Conan vs. Kaitou Kid,https://myanimelist.net/anime/57441/Meitantei_Conan_vs_Kaitou_Kid,"Jan 5, 2024",1 ep,80 min ,"['Adventure', 'Comedy', 'Mystery']",,"A special edited version of the TV series that presents the birth of the magician under the moon, Kaito Kid, and the first confrontation with the biggest and eternal rival Conan / Shinichi with new scenes!!

(Source: Official website)",TMS Entertainment,Manga,Movies
Bloody Escape: Jigoku no Tousou Geki,https://myanimelist.net/anime/54793/Bloody_Escape__Jigoku_no_Tousou_Geki,"Jan 5, 2024",1 ep,97 min ,"['Action', 'Drama', 'Sci-Fi', 'Supernatural']",,"After human experimentation turns Kisaragi into a cyborg, he finds himself pressured by multiple organizations: An undying convent of vampires bent on the conquest of Tokyo, and an immortal order of knights, and a group of Yakuza, sword to avenge the killing of their leader. 

""I might not have any reason to live, but that's no reason to let them kill me.""

Kisaragi will have to use his cyborg-body and his unique ""blood,"" as well as anything else he can to make his big escape!!!

(Source: Official Site, translated)",Polygon Pictures,Original,Movies
Jiangtun: Feng Shi Wu,https://myanimelist.net/anime/57418/Jiangtun__Feng_Shi_Wu,"Jan 20, 2024",1 ep,84 min ,"['Adventure', 'Fantasy', 'Romance']",,(No synopsis yet.),,Original,Movies
Dayu,https://myanimelist.net/anime/57417/Dayu,"Jan 12, 2024",1 ep,102 min ,"['Adventure', 'Fantasy']",,(No synopsis yet.),,Original,Movies
Ba Jie: Tian Peng Xiajie,https://myanimelist.net/anime/57931/Ba_Jie__Tian_Peng_Xiajie,"Feb 10, 2024",1 ep,0 min ,"['Action', 'Adventure', 'Fantasy']",,(No synopsis yet.),,Other,Movies
SINoALICE: Ichiban Saigo no Monogatari,https://myanimelist.net/anime/59224/SINoALICE__Ichiban_Saigo_no_Monogatari,"Feb 23, 2024",1 ep,64 min ,['Fantasy'],,"Alice's life has been miserable ever since she started playing SINoALICE. In despair at the world, she takes her own life, but wakes up and finds herself within the game, interacting with the game's navigator characters Parrah and Noya, who throw every despair of her previous life at her. As Parrah and Noya take Alice away, the game's characters plan to face the two.

(Source: ANN)",ILCA,Game,Movies
Tian Jiang Daren,https://myanimelist.net/anime/57449/Tian_Jiang_Daren,"Jan 6, 2024",1 ep,0 min ,"['Adventure', 'Comedy', 'Fantasy']",,(No synopsis yet.),,,Movies
Wu Chuang Yinxing Dao,https://myanimelist.net/anime/57928/Wu_Chuang_Yinxing_Dao,"Jan 20, 2024",1 ep,90 min ,"['Action', 'Adventure', 'Drama', 'Fantasy']",,(No synopsis yet.),,,Movies
Ba Bi Na Zha Cheng de Chuanshuo,https://myanimelist.net/anime/58323/Ba_Bi_Na_Zha_Cheng_de_Chuanshuo,"Feb 23, 2024",1 ep,83 min ,"['Action', 'Adventure', 'Fantasy']",,(No synopsis yet.),,Original,Movies
Huang Pi: Tian Jiang Caishen Mao,https://myanimelist.net/anime/58322/Huang_Pi__Tian_Jiang_Caishen_Mao,"Feb 10, 2024",1 ep,82 min ,"['Adventure', 'Comedy', 'Fantasy']",,(No synopsis yet.),,Original,Movies
DMZ Dongmul Teuggongdae,https://myanimelist.net/anime/58576/DMZ_Dongmul_Teuggongdae,"Feb 14, 2024",1 ep,75 min ,"['Adventure', 'Fantasy']",,(No synopsis yet.),,Original,Movies
